-- MySQL dump 10.17  Distrib 10.3.23-MariaDB, for debian-linux-gnueabihf (armv7l)
--
-- Host: localhost    Database: abd_looking_for_group
-- ------------------------------------------------------
-- Server version	10.3.23-MariaDB-0+deb10u1

create schema if not exists abd_looking_for_group;
use abd_looking_for_group;

/*!40101 SET @OLD_CHARACTER_SET_CLIENT=@@CHARACTER_SET_CLIENT */;
/*!40101 SET @OLD_CHARACTER_SET_RESULTS=@@CHARACTER_SET_RESULTS */;
/*!40101 SET @OLD_COLLATION_CONNECTION=@@COLLATION_CONNECTION */;
/*!40101 SET NAMES utf8mb4 */;
/*!40103 SET @OLD_TIME_ZONE=@@TIME_ZONE */;
/*!40103 SET TIME_ZONE='+00:00' */;
/*!40014 SET @OLD_UNIQUE_CHECKS=@@UNIQUE_CHECKS, UNIQUE_CHECKS=0 */;
/*!40014 SET @OLD_FOREIGN_KEY_CHECKS=@@FOREIGN_KEY_CHECKS, FOREIGN_KEY_CHECKS=0 */;
/*!40101 SET @OLD_SQL_MODE=@@SQL_MODE, SQL_MODE='NO_AUTO_VALUE_ON_ZERO' */;
/*!40111 SET @OLD_SQL_NOTES=@@SQL_NOTES, SQL_NOTES=0 */;

--
-- Table structure for table `active_users`
--

DROP TABLE IF EXISTS `active_users`;
/*!40101 SET @saved_cs_client     = @@character_set_client */;
/*!40101 SET character_set_client = utf8 */;
CREATE TABLE `active_users` (
  `id` int(10) unsigned NOT NULL AUTO_INCREMENT,
  `Display_Name` varchar(255) DEFAULT NULL,
  `created_by` int(11) DEFAULT NULL,
  `updated_by` int(11) DEFAULT NULL,
  `created_at` timestamp NULL DEFAULT current_timestamp(),
  `updated_at` timestamp NULL DEFAULT current_timestamp(),
  PRIMARY KEY (`id`),
  UNIQUE KEY `active_users_Display_Name_unique` (`Display_Name`)
) ENGINE=InnoDB AUTO_INCREMENT=127 DEFAULT CHARSET=utf8mb4;
/*!40101 SET character_set_client = @saved_cs_client */;

--
-- Table structure for table `advertisements`
--

DROP TABLE IF EXISTS `advertisements`;
/*!40101 SET @saved_cs_client     = @@character_set_client */;
/*!40101 SET character_set_client = utf8 */;
CREATE TABLE `advertisements` (
  `id` int(10) unsigned NOT NULL AUTO_INCREMENT,
  `Num_Players` int(11) DEFAULT NULL,
  `created_by` int(11) DEFAULT NULL,
  `updated_by` int(11) DEFAULT NULL,
  `created_at` timestamp NULL DEFAULT current_timestamp(),
  `updated_at` timestamp NULL DEFAULT current_timestamp(),
  `Game_Name` int(11) DEFAULT NULL,
  `Game_Mode` int(11) DEFAULT NULL,
  `Game_Rank` int(11) DEFAULT NULL,
  `Region` int(11) DEFAULT NULL,
  `Comm` int(11) DEFAULT NULL,
  `Contact_Desc` longtext NOT NULL,
  `Platform` int(11) DEFAULT NULL,
  `Active_User` int(11) DEFAULT NULL,
  `Player_Role` int(11) DEFAULT NULL,
  PRIMARY KEY (`id`)
) ENGINE=InnoDB AUTO_INCREMENT=142 DEFAULT CHARSET=utf8mb4;
/*!40101 SET character_set_client = @saved_cs_client */;

--
-- Table structure for table `comms`
--

DROP TABLE IF EXISTS `comms`;
/*!40101 SET @saved_cs_client     = @@character_set_client */;
/*!40101 SET character_set_client = utf8 */;
CREATE TABLE `comms` (
  `id` int(10) unsigned NOT NULL AUTO_INCREMENT,
  `Type` varchar(255) DEFAULT NULL,
  `created_by` int(11) DEFAULT NULL,
  `updated_by` int(11) DEFAULT NULL,
  `created_at` timestamp NULL DEFAULT current_timestamp(),
  `updated_at` timestamp NULL DEFAULT current_timestamp(),
  PRIMARY KEY (`id`),
  UNIQUE KEY `comms_Type_unique` (`Type`)
) ENGINE=InnoDB AUTO_INCREMENT=5 DEFAULT CHARSET=utf8mb4;
/*!40101 SET character_set_client = @saved_cs_client */;

--
-- Dumping data for table `comms`
--

LOCK TABLES `comms` WRITE;
/*!40000 ALTER TABLE `comms` DISABLE KEYS */;
INSERT INTO `comms` VALUES (1,'In Game Voice',3,3,'2021-03-24 04:39:44','2021-03-24 04:39:46'),(2,'Text',3,3,'2021-03-24 04:39:59','2021-03-24 04:40:31'),(3,'Third Party Voice',3,3,'2021-03-24 04:40:15','2021-03-24 04:40:17'),(4,'Disabled',3,3,'2021-03-24 04:40:50','2021-03-24 04:40:52');
/*!40000 ALTER TABLE `comms` ENABLE KEYS */;
UNLOCK TABLES;

--
-- Table structure for table `core_store`
--

DROP TABLE IF EXISTS `core_store`;
/*!40101 SET @saved_cs_client     = @@character_set_client */;
/*!40101 SET character_set_client = utf8 */;
CREATE TABLE `core_store` (
  `id` int(10) unsigned NOT NULL AUTO_INCREMENT,
  `key` varchar(255) DEFAULT NULL,
  `value` longtext DEFAULT NULL,
  `type` varchar(255) DEFAULT NULL,
  `environment` varchar(255) DEFAULT NULL,
  `tag` varchar(255) DEFAULT NULL,
  PRIMARY KEY (`id`)
) ENGINE=InnoDB AUTO_INCREMENT=52 DEFAULT CHARSET=utf8mb4;
/*!40101 SET character_set_client = @saved_cs_client */;

--
-- Dumping data for table `core_store`
--

LOCK TABLES `core_store` WRITE;
/*!40000 ALTER TABLE `core_store` DISABLE KEYS */;
INSERT INTO `core_store` VALUES (1,'model_def_strapi::core-store','{\"uid\":\"strapi::core-store\",\"collectionName\":\"core_store\",\"info\":{\"name\":\"core_store\",\"description\":\"\"},\"options\":{\"timestamps\":false},\"attributes\":{\"key\":{\"type\":\"string\"},\"value\":{\"type\":\"text\"},\"type\":{\"type\":\"string\"},\"environment\":{\"type\":\"string\"},\"tag\":{\"type\":\"string\"}}}','object',NULL,NULL),(2,'model_def_strapi::webhooks','{\"uid\":\"strapi::webhooks\",\"collectionName\":\"strapi_webhooks\",\"info\":{\"name\":\"Strapi webhooks\",\"description\":\"\"},\"options\":{\"timestamps\":false},\"attributes\":{\"name\":{\"type\":\"string\"},\"url\":{\"type\":\"text\"},\"headers\":{\"type\":\"json\"},\"events\":{\"type\":\"json\"},\"enabled\":{\"type\":\"boolean\"}}}','object',NULL,NULL),(3,'model_def_strapi::permission','{\"uid\":\"strapi::permission\",\"collectionName\":\"strapi_permission\",\"kind\":\"collectionType\",\"info\":{\"name\":\"Permission\",\"description\":\"\"},\"options\":{\"timestamps\":[\"created_at\",\"updated_at\"]},\"attributes\":{\"action\":{\"type\":\"string\",\"minLength\":1,\"configurable\":false,\"required\":true},\"subject\":{\"type\":\"string\",\"minLength\":1,\"configurable\":false,\"required\":false},\"fields\":{\"type\":\"json\",\"configurable\":false,\"required\":false,\"default\":[]},\"conditions\":{\"type\":\"json\",\"configurable\":false,\"required\":false,\"default\":[]},\"role\":{\"configurable\":false,\"model\":\"role\",\"plugin\":\"admin\"}}}','object',NULL,NULL),(4,'model_def_strapi::role','{\"uid\":\"strapi::role\",\"collectionName\":\"strapi_role\",\"kind\":\"collectionType\",\"info\":{\"name\":\"Role\",\"description\":\"\"},\"options\":{\"timestamps\":[\"created_at\",\"updated_at\"]},\"attributes\":{\"name\":{\"type\":\"string\",\"minLength\":1,\"unique\":true,\"configurable\":false,\"required\":true},\"code\":{\"type\":\"string\",\"minLength\":1,\"unique\":true,\"configurable\":false,\"required\":true},\"description\":{\"type\":\"string\",\"configurable\":false},\"users\":{\"configurable\":false,\"collection\":\"user\",\"via\":\"roles\",\"plugin\":\"admin\",\"attribute\":\"user\",\"column\":\"id\",\"isVirtual\":true},\"permissions\":{\"configurable\":false,\"plugin\":\"admin\",\"collection\":\"permission\",\"via\":\"role\",\"isVirtual\":true}}}','object',NULL,NULL),(5,'model_def_strapi::user','{\"uid\":\"strapi::user\",\"collectionName\":\"strapi_administrator\",\"kind\":\"collectionType\",\"info\":{\"name\":\"User\",\"description\":\"\"},\"options\":{\"timestamps\":false},\"attributes\":{\"firstname\":{\"type\":\"string\",\"unique\":false,\"minLength\":1,\"configurable\":false,\"required\":false},\"lastname\":{\"type\":\"string\",\"unique\":false,\"minLength\":1,\"configurable\":false,\"required\":false},\"username\":{\"type\":\"string\",\"unique\":false,\"configurable\":false,\"required\":false},\"email\":{\"type\":\"email\",\"minLength\":6,\"configurable\":false,\"required\":true,\"unique\":true,\"private\":true},\"password\":{\"type\":\"password\",\"minLength\":6,\"configurable\":false,\"required\":false,\"private\":true},\"resetPasswordToken\":{\"type\":\"string\",\"configurable\":false,\"private\":true},\"registrationToken\":{\"type\":\"string\",\"configurable\":false,\"private\":true},\"isActive\":{\"type\":\"boolean\",\"default\":false,\"configurable\":false,\"private\":true},\"roles\":{\"collection\":\"role\",\"collectionName\":\"strapi_users_roles\",\"via\":\"users\",\"dominant\":true,\"plugin\":\"admin\",\"configurable\":false,\"private\":true,\"attribute\":\"role\",\"column\":\"id\",\"isVirtual\":true},\"blocked\":{\"type\":\"boolean\",\"default\":false,\"configurable\":false,\"private\":true}}}','object',NULL,NULL),(6,'model_def_plugins::users-permissions.permission','{\"uid\":\"plugins::users-permissions.permission\",\"collectionName\":\"users-permissions_permission\",\"kind\":\"collectionType\",\"info\":{\"name\":\"permission\",\"description\":\"\"},\"options\":{\"timestamps\":false},\"attributes\":{\"type\":{\"type\":\"string\",\"required\":true,\"configurable\":false},\"controller\":{\"type\":\"string\",\"required\":true,\"configurable\":false},\"action\":{\"type\":\"string\",\"required\":true,\"configurable\":false},\"enabled\":{\"type\":\"boolean\",\"required\":true,\"configurable\":false},\"policy\":{\"type\":\"string\",\"configurable\":false},\"role\":{\"model\":\"role\",\"via\":\"permissions\",\"plugin\":\"users-permissions\",\"configurable\":false},\"created_by\":{\"model\":\"user\",\"plugin\":\"admin\",\"configurable\":false,\"writable\":false,\"private\":true},\"updated_by\":{\"model\":\"user\",\"plugin\":\"admin\",\"configurable\":false,\"writable\":false,\"private\":true}}}','object',NULL,NULL),(7,'model_def_plugins::users-permissions.role','{\"uid\":\"plugins::users-permissions.role\",\"collectionName\":\"users-permissions_role\",\"kind\":\"collectionType\",\"info\":{\"name\":\"role\",\"description\":\"\"},\"options\":{\"timestamps\":false},\"attributes\":{\"name\":{\"type\":\"string\",\"minLength\":3,\"required\":true,\"configurable\":false},\"description\":{\"type\":\"string\",\"configurable\":false},\"type\":{\"type\":\"string\",\"unique\":true,\"configurable\":false},\"permissions\":{\"collection\":\"permission\",\"via\":\"role\",\"plugin\":\"users-permissions\",\"configurable\":false,\"isVirtual\":true},\"users\":{\"collection\":\"user\",\"via\":\"role\",\"configurable\":false,\"plugin\":\"users-permissions\",\"isVirtual\":true},\"created_by\":{\"model\":\"user\",\"plugin\":\"admin\",\"configurable\":false,\"writable\":false,\"private\":true},\"updated_by\":{\"model\":\"user\",\"plugin\":\"admin\",\"configurable\":false,\"writable\":false,\"private\":true}}}','object',NULL,NULL),(8,'model_def_plugins::users-permissions.user','{\"uid\":\"plugins::users-permissions.user\",\"collectionName\":\"users-permissions_user\",\"kind\":\"collectionType\",\"info\":{\"name\":\"user\",\"description\":\"\"},\"options\":{\"draftAndPublish\":false,\"timestamps\":[\"created_at\",\"updated_at\"]},\"attributes\":{\"username\":{\"type\":\"string\",\"minLength\":3,\"unique\":true,\"configurable\":false,\"required\":true},\"email\":{\"type\":\"email\",\"minLength\":6,\"configurable\":false,\"required\":true},\"provider\":{\"type\":\"string\",\"configurable\":false},\"password\":{\"type\":\"password\",\"minLength\":6,\"configurable\":false,\"private\":true},\"resetPasswordToken\":{\"type\":\"string\",\"configurable\":false,\"private\":true},\"confirmationToken\":{\"type\":\"string\",\"configurable\":false,\"private\":true},\"confirmed\":{\"type\":\"boolean\",\"default\":false,\"configurable\":false},\"blocked\":{\"type\":\"boolean\",\"default\":false,\"configurable\":false},\"role\":{\"model\":\"role\",\"via\":\"users\",\"plugin\":\"users-permissions\",\"configurable\":false},\"created_by\":{\"model\":\"user\",\"plugin\":\"admin\",\"configurable\":false,\"writable\":false,\"private\":true},\"updated_by\":{\"model\":\"user\",\"plugin\":\"admin\",\"configurable\":false,\"writable\":false,\"private\":true}}}','object',NULL,NULL),(9,'model_def_plugins::upload.file','{\"uid\":\"plugins::upload.file\",\"collectionName\":\"upload_file\",\"kind\":\"collectionType\",\"info\":{\"name\":\"file\",\"description\":\"\"},\"options\":{\"timestamps\":[\"created_at\",\"updated_at\"]},\"attributes\":{\"name\":{\"type\":\"string\",\"configurable\":false,\"required\":true},\"alternativeText\":{\"type\":\"string\",\"configurable\":false},\"caption\":{\"type\":\"string\",\"configurable\":false},\"width\":{\"type\":\"integer\",\"configurable\":false},\"height\":{\"type\":\"integer\",\"configurable\":false},\"formats\":{\"type\":\"json\",\"configurable\":false},\"hash\":{\"type\":\"string\",\"configurable\":false,\"required\":true},\"ext\":{\"type\":\"string\",\"configurable\":false},\"mime\":{\"type\":\"string\",\"configurable\":false,\"required\":true},\"size\":{\"type\":\"decimal\",\"configurable\":false,\"required\":true},\"url\":{\"type\":\"string\",\"configurable\":false,\"required\":true},\"previewUrl\":{\"type\":\"string\",\"configurable\":false},\"provider\":{\"type\":\"string\",\"configurable\":false,\"required\":true},\"provider_metadata\":{\"type\":\"json\",\"configurable\":false},\"related\":{\"collection\":\"*\",\"filter\":\"field\",\"configurable\":false},\"created_by\":{\"model\":\"user\",\"plugin\":\"admin\",\"configurable\":false,\"writable\":false,\"private\":true},\"updated_by\":{\"model\":\"user\",\"plugin\":\"admin\",\"configurable\":false,\"writable\":false,\"private\":true}}}','object',NULL,NULL),(10,'plugin_users-permissions_grant','{\"email\":{\"enabled\":true,\"icon\":\"envelope\"},\"discord\":{\"enabled\":false,\"icon\":\"discord\",\"key\":\"\",\"secret\":\"\",\"callback\":\"/auth/discord/callback\",\"scope\":[\"identify\",\"email\"]},\"facebook\":{\"enabled\":false,\"icon\":\"facebook-square\",\"key\":\"\",\"secret\":\"\",\"callback\":\"/auth/facebook/callback\",\"scope\":[\"email\"]},\"google\":{\"enabled\":false,\"icon\":\"google\",\"key\":\"\",\"secret\":\"\",\"callback\":\"/auth/google/callback\",\"scope\":[\"email\"]},\"github\":{\"enabled\":false,\"icon\":\"github\",\"key\":\"\",\"secret\":\"\",\"callback\":\"/auth/github/callback\",\"scope\":[\"user\",\"user:email\"]},\"microsoft\":{\"enabled\":false,\"icon\":\"windows\",\"key\":\"\",\"secret\":\"\",\"callback\":\"/auth/microsoft/callback\",\"scope\":[\"user.read\"]},\"twitter\":{\"enabled\":false,\"icon\":\"twitter\",\"key\":\"\",\"secret\":\"\",\"callback\":\"/auth/twitter/callback\"},\"instagram\":{\"enabled\":false,\"icon\":\"instagram\",\"key\":\"\",\"secret\":\"\",\"callback\":\"/auth/instagram/callback\",\"scope\":[\"user_profile\"]},\"vk\":{\"enabled\":false,\"icon\":\"vk\",\"key\":\"\",\"secret\":\"\",\"callback\":\"/auth/vk/callback\",\"scope\":[\"email\"]},\"twitch\":{\"enabled\":false,\"icon\":\"twitch\",\"key\":\"\",\"secret\":\"\",\"callback\":\"/auth/twitch/callback\",\"scope\":[\"user:read:email\"]},\"linkedin\":{\"enabled\":false,\"icon\":\"linkedin\",\"key\":\"\",\"secret\":\"\",\"callback\":\"/auth/linkedin/callback\",\"scope\":[\"r_liteprofile\",\"r_emailaddress\"]},\"cognito\":{\"enabled\":false,\"icon\":\"aws\",\"key\":\"\",\"secret\":\"\",\"subdomain\":\"my.subdomain.com\",\"callback\":\"/auth/cognito/callback\",\"scope\":[\"email\",\"openid\",\"profile\"]},\"reddit\":{\"enabled\":false,\"icon\":\"reddit\",\"key\":\"\",\"secret\":\"\",\"state\":true,\"callback\":\"/auth/reddit/callback\",\"scope\":[\"identity\"]},\"auth0\":{\"enabled\":false,\"icon\":\"\",\"key\":\"\",\"secret\":\"\",\"subdomain\":\"my-tenant.eu\",\"callback\":\"/auth/auth0/callback\",\"scope\":[\"openid\",\"email\",\"profile\"]}}','object','',''),(11,'plugin_upload_settings','{\"sizeOptimization\":true,\"responsiveDimensions\":true}','object','development',''),(12,'plugin_content_manager_configuration_content_types::strapi::permission','{\"uid\":\"strapi::permission\",\"settings\":{\"bulkable\":true,\"filterable\":true,\"searchable\":true,\"pageSize\":10,\"mainField\":\"action\",\"defaultSortBy\":\"action\",\"defaultSortOrder\":\"ASC\"},\"metadatas\":{\"id\":{\"edit\":{},\"list\":{\"label\":\"Id\",\"searchable\":true,\"sortable\":true}},\"action\":{\"edit\":{\"label\":\"Action\",\"description\":\"\",\"placeholder\":\"\",\"visible\":true,\"editable\":true},\"list\":{\"label\":\"Action\",\"searchable\":true,\"sortable\":true}},\"subject\":{\"edit\":{\"label\":\"Subject\",\"description\":\"\",\"placeholder\":\"\",\"visible\":true,\"editable\":true},\"list\":{\"label\":\"Subject\",\"searchable\":true,\"sortable\":true}},\"fields\":{\"edit\":{\"label\":\"Fields\",\"description\":\"\",\"placeholder\":\"\",\"visible\":true,\"editable\":true},\"list\":{\"label\":\"Fields\",\"searchable\":false,\"sortable\":false}},\"conditions\":{\"edit\":{\"label\":\"Conditions\",\"description\":\"\",\"placeholder\":\"\",\"visible\":true,\"editable\":true},\"list\":{\"label\":\"Conditions\",\"searchable\":false,\"sortable\":false}},\"role\":{\"edit\":{\"label\":\"Role\",\"description\":\"\",\"placeholder\":\"\",\"visible\":true,\"editable\":true,\"mainField\":\"name\"},\"list\":{\"label\":\"Role\",\"searchable\":true,\"sortable\":true}},\"created_at\":{\"edit\":{\"label\":\"Created_at\",\"description\":\"\",\"placeholder\":\"\",\"visible\":false,\"editable\":true},\"list\":{\"label\":\"Created_at\",\"searchable\":true,\"sortable\":true}},\"updated_at\":{\"edit\":{\"label\":\"Updated_at\",\"description\":\"\",\"placeholder\":\"\",\"visible\":false,\"editable\":true},\"list\":{\"label\":\"Updated_at\",\"searchable\":true,\"sortable\":true}}},\"layouts\":{\"list\":[\"id\",\"action\",\"subject\",\"role\"],\"editRelations\":[\"role\"],\"edit\":[[{\"name\":\"action\",\"size\":6},{\"name\":\"subject\",\"size\":6}],[{\"name\":\"fields\",\"size\":12}],[{\"name\":\"conditions\",\"size\":12}]]}}','object','',''),(13,'plugin_content_manager_configuration_content_types::strapi::user','{\"uid\":\"strapi::user\",\"settings\":{\"bulkable\":true,\"filterable\":true,\"searchable\":true,\"pageSize\":10,\"mainField\":\"firstname\",\"defaultSortBy\":\"firstname\",\"defaultSortOrder\":\"ASC\"},\"metadatas\":{\"id\":{\"edit\":{},\"list\":{\"label\":\"Id\",\"searchable\":true,\"sortable\":true}},\"firstname\":{\"edit\":{\"label\":\"Firstname\",\"description\":\"\",\"placeholder\":\"\",\"visible\":true,\"editable\":true},\"list\":{\"label\":\"Firstname\",\"searchable\":true,\"sortable\":true}},\"lastname\":{\"edit\":{\"label\":\"Lastname\",\"description\":\"\",\"placeholder\":\"\",\"visible\":true,\"editable\":true},\"list\":{\"label\":\"Lastname\",\"searchable\":true,\"sortable\":true}},\"username\":{\"edit\":{\"label\":\"Username\",\"description\":\"\",\"placeholder\":\"\",\"visible\":true,\"editable\":true},\"list\":{\"label\":\"Username\",\"searchable\":true,\"sortable\":true}},\"email\":{\"edit\":{\"label\":\"Email\",\"description\":\"\",\"placeholder\":\"\",\"visible\":true,\"editable\":true},\"list\":{\"label\":\"Email\",\"searchable\":true,\"sortable\":true}},\"password\":{\"edit\":{\"label\":\"Password\",\"description\":\"\",\"placeholder\":\"\",\"visible\":true,\"editable\":true},\"list\":{\"label\":\"Password\",\"searchable\":true,\"sortable\":true}},\"resetPasswordToken\":{\"edit\":{\"label\":\"ResetPasswordToken\",\"description\":\"\",\"placeholder\":\"\",\"visible\":true,\"editable\":true},\"list\":{\"label\":\"ResetPasswordToken\",\"searchable\":true,\"sortable\":true}},\"registrationToken\":{\"edit\":{\"label\":\"RegistrationToken\",\"description\":\"\",\"placeholder\":\"\",\"visible\":true,\"editable\":true},\"list\":{\"label\":\"RegistrationToken\",\"searchable\":true,\"sortable\":true}},\"isActive\":{\"edit\":{\"label\":\"IsActive\",\"description\":\"\",\"placeholder\":\"\",\"visible\":true,\"editable\":true},\"list\":{\"label\":\"IsActive\",\"searchable\":true,\"sortable\":true}},\"roles\":{\"edit\":{\"label\":\"Roles\",\"description\":\"\",\"placeholder\":\"\",\"visible\":true,\"editable\":true,\"mainField\":\"name\"},\"list\":{\"label\":\"Roles\",\"searchable\":false,\"sortable\":false}},\"blocked\":{\"edit\":{\"label\":\"Blocked\",\"description\":\"\",\"placeholder\":\"\",\"visible\":true,\"editable\":true},\"list\":{\"label\":\"Blocked\",\"searchable\":true,\"sortable\":true}}},\"layouts\":{\"list\":[\"id\",\"firstname\",\"lastname\",\"username\"],\"editRelations\":[\"roles\"],\"edit\":[[{\"name\":\"firstname\",\"size\":6},{\"name\":\"lastname\",\"size\":6}],[{\"name\":\"username\",\"size\":6},{\"name\":\"email\",\"size\":6}],[{\"name\":\"password\",\"size\":6},{\"name\":\"resetPasswordToken\",\"size\":6}],[{\"name\":\"registrationToken\",\"size\":6},{\"name\":\"isActive\",\"size\":4}],[{\"name\":\"blocked\",\"size\":4}]]}}','object','',''),(14,'plugin_content_manager_configuration_content_types::strapi::role','{\"uid\":\"strapi::role\",\"settings\":{\"bulkable\":true,\"filterable\":true,\"searchable\":true,\"pageSize\":10,\"mainField\":\"name\",\"defaultSortBy\":\"name\",\"defaultSortOrder\":\"ASC\"},\"metadatas\":{\"id\":{\"edit\":{},\"list\":{\"label\":\"Id\",\"searchable\":true,\"sortable\":true}},\"name\":{\"edit\":{\"label\":\"Name\",\"description\":\"\",\"placeholder\":\"\",\"visible\":true,\"editable\":true},\"list\":{\"label\":\"Name\",\"searchable\":true,\"sortable\":true}},\"code\":{\"edit\":{\"label\":\"Code\",\"description\":\"\",\"placeholder\":\"\",\"visible\":true,\"editable\":true},\"list\":{\"label\":\"Code\",\"searchable\":true,\"sortable\":true}},\"description\":{\"edit\":{\"label\":\"Description\",\"description\":\"\",\"placeholder\":\"\",\"visible\":true,\"editable\":true},\"list\":{\"label\":\"Description\",\"searchable\":true,\"sortable\":true}},\"users\":{\"edit\":{\"label\":\"Users\",\"description\":\"\",\"placeholder\":\"\",\"visible\":true,\"editable\":true,\"mainField\":\"firstname\"},\"list\":{\"label\":\"Users\",\"searchable\":false,\"sortable\":false}},\"permissions\":{\"edit\":{\"label\":\"Permissions\",\"description\":\"\",\"placeholder\":\"\",\"visible\":true,\"editable\":true,\"mainField\":\"action\"},\"list\":{\"label\":\"Permissions\",\"searchable\":false,\"sortable\":false}},\"created_at\":{\"edit\":{\"label\":\"Created_at\",\"description\":\"\",\"placeholder\":\"\",\"visible\":false,\"editable\":true},\"list\":{\"label\":\"Created_at\",\"searchable\":true,\"sortable\":true}},\"updated_at\":{\"edit\":{\"label\":\"Updated_at\",\"description\":\"\",\"placeholder\":\"\",\"visible\":false,\"editable\":true},\"list\":{\"label\":\"Updated_at\",\"searchable\":true,\"sortable\":true}}},\"layouts\":{\"list\":[\"id\",\"name\",\"code\",\"description\"],\"editRelations\":[\"users\",\"permissions\"],\"edit\":[[{\"name\":\"name\",\"size\":6},{\"name\":\"code\",\"size\":6}],[{\"name\":\"description\",\"size\":6}]]}}','object','',''),(15,'plugin_content_manager_configuration_content_types::plugins::users-permissions.permission','{\"uid\":\"plugins::users-permissions.permission\",\"settings\":{\"bulkable\":true,\"filterable\":true,\"searchable\":true,\"pageSize\":10,\"mainField\":\"type\",\"defaultSortBy\":\"type\",\"defaultSortOrder\":\"ASC\"},\"metadatas\":{\"id\":{\"edit\":{},\"list\":{\"label\":\"Id\",\"searchable\":true,\"sortable\":true}},\"type\":{\"edit\":{\"label\":\"Type\",\"description\":\"\",\"placeholder\":\"\",\"visible\":true,\"editable\":true},\"list\":{\"label\":\"Type\",\"searchable\":true,\"sortable\":true}},\"controller\":{\"edit\":{\"label\":\"Controller\",\"description\":\"\",\"placeholder\":\"\",\"visible\":true,\"editable\":true},\"list\":{\"label\":\"Controller\",\"searchable\":true,\"sortable\":true}},\"action\":{\"edit\":{\"label\":\"Action\",\"description\":\"\",\"placeholder\":\"\",\"visible\":true,\"editable\":true},\"list\":{\"label\":\"Action\",\"searchable\":true,\"sortable\":true}},\"enabled\":{\"edit\":{\"label\":\"Enabled\",\"description\":\"\",\"placeholder\":\"\",\"visible\":true,\"editable\":true},\"list\":{\"label\":\"Enabled\",\"searchable\":true,\"sortable\":true}},\"policy\":{\"edit\":{\"label\":\"Policy\",\"description\":\"\",\"placeholder\":\"\",\"visible\":true,\"editable\":true},\"list\":{\"label\":\"Policy\",\"searchable\":true,\"sortable\":true}},\"role\":{\"edit\":{\"label\":\"Role\",\"description\":\"\",\"placeholder\":\"\",\"visible\":true,\"editable\":true,\"mainField\":\"name\"},\"list\":{\"label\":\"Role\",\"searchable\":true,\"sortable\":true}}},\"layouts\":{\"list\":[\"id\",\"type\",\"controller\",\"action\"],\"editRelations\":[\"role\"],\"edit\":[[{\"name\":\"type\",\"size\":6},{\"name\":\"controller\",\"size\":6}],[{\"name\":\"action\",\"size\":6},{\"name\":\"enabled\",\"size\":4}],[{\"name\":\"policy\",\"size\":6}]]}}','object','',''),(16,'plugin_content_manager_configuration_content_types::plugins::users-permissions.role','{\"uid\":\"plugins::users-permissions.role\",\"settings\":{\"bulkable\":true,\"filterable\":true,\"searchable\":true,\"pageSize\":10,\"mainField\":\"name\",\"defaultSortBy\":\"name\",\"defaultSortOrder\":\"ASC\"},\"metadatas\":{\"id\":{\"edit\":{},\"list\":{\"label\":\"Id\",\"searchable\":true,\"sortable\":true}},\"name\":{\"edit\":{\"label\":\"Name\",\"description\":\"\",\"placeholder\":\"\",\"visible\":true,\"editable\":true},\"list\":{\"label\":\"Name\",\"searchable\":true,\"sortable\":true}},\"description\":{\"edit\":{\"label\":\"Description\",\"description\":\"\",\"placeholder\":\"\",\"visible\":true,\"editable\":true},\"list\":{\"label\":\"Description\",\"searchable\":true,\"sortable\":true}},\"type\":{\"edit\":{\"label\":\"Type\",\"description\":\"\",\"placeholder\":\"\",\"visible\":true,\"editable\":true},\"list\":{\"label\":\"Type\",\"searchable\":true,\"sortable\":true}},\"permissions\":{\"edit\":{\"label\":\"Permissions\",\"description\":\"\",\"placeholder\":\"\",\"visible\":true,\"editable\":true,\"mainField\":\"type\"},\"list\":{\"label\":\"Permissions\",\"searchable\":false,\"sortable\":false}},\"users\":{\"edit\":{\"label\":\"Users\",\"description\":\"\",\"placeholder\":\"\",\"visible\":true,\"editable\":true,\"mainField\":\"username\"},\"list\":{\"label\":\"Users\",\"searchable\":false,\"sortable\":false}}},\"layouts\":{\"list\":[\"id\",\"name\",\"description\",\"type\"],\"editRelations\":[\"permissions\",\"users\"],\"edit\":[[{\"name\":\"name\",\"size\":6},{\"name\":\"description\",\"size\":6}],[{\"name\":\"type\",\"size\":6}]]}}','object','',''),(17,'plugin_content_manager_configuration_content_types::plugins::users-permissions.user','{\"uid\":\"plugins::users-permissions.user\",\"settings\":{\"bulkable\":true,\"filterable\":true,\"searchable\":true,\"pageSize\":10,\"mainField\":\"username\",\"defaultSortBy\":\"username\",\"defaultSortOrder\":\"ASC\"},\"metadatas\":{\"id\":{\"edit\":{},\"list\":{\"label\":\"Id\",\"searchable\":true,\"sortable\":true}},\"username\":{\"edit\":{\"label\":\"Username\",\"description\":\"\",\"placeholder\":\"\",\"visible\":true,\"editable\":true},\"list\":{\"label\":\"Username\",\"searchable\":true,\"sortable\":true}},\"email\":{\"edit\":{\"label\":\"Email\",\"description\":\"\",\"placeholder\":\"\",\"visible\":true,\"editable\":true},\"list\":{\"label\":\"Email\",\"searchable\":true,\"sortable\":true}},\"provider\":{\"edit\":{\"label\":\"Provider\",\"description\":\"\",\"placeholder\":\"\",\"visible\":false,\"editable\":true},\"list\":{\"label\":\"Provider\",\"searchable\":true,\"sortable\":true}},\"password\":{\"edit\":{\"label\":\"Password\",\"description\":\"\",\"placeholder\":\"\",\"visible\":true,\"editable\":true},\"list\":{\"label\":\"Password\",\"searchable\":true,\"sortable\":true}},\"resetPasswordToken\":{\"edit\":{\"label\":\"ResetPasswordToken\",\"description\":\"\",\"placeholder\":\"\",\"visible\":false,\"editable\":true},\"list\":{\"label\":\"ResetPasswordToken\",\"searchable\":true,\"sortable\":true}},\"confirmationToken\":{\"edit\":{\"label\":\"ConfirmationToken\",\"description\":\"\",\"placeholder\":\"\",\"visible\":false,\"editable\":true},\"list\":{\"label\":\"ConfirmationToken\",\"searchable\":true,\"sortable\":true}},\"confirmed\":{\"edit\":{\"label\":\"Confirmed\",\"description\":\"\",\"placeholder\":\"\",\"visible\":true,\"editable\":true},\"list\":{\"label\":\"Confirmed\",\"searchable\":true,\"sortable\":true}},\"blocked\":{\"edit\":{\"label\":\"Blocked\",\"description\":\"\",\"placeholder\":\"\",\"visible\":true,\"editable\":true},\"list\":{\"label\":\"Blocked\",\"searchable\":true,\"sortable\":true}},\"role\":{\"edit\":{\"label\":\"Role\",\"description\":\"\",\"placeholder\":\"\",\"visible\":true,\"editable\":true,\"mainField\":\"name\"},\"list\":{\"label\":\"Role\",\"searchable\":true,\"sortable\":true}},\"created_at\":{\"edit\":{\"label\":\"Created_at\",\"description\":\"\",\"placeholder\":\"\",\"visible\":false,\"editable\":true},\"list\":{\"label\":\"Created_at\",\"searchable\":true,\"sortable\":true}},\"updated_at\":{\"edit\":{\"label\":\"Updated_at\",\"description\":\"\",\"placeholder\":\"\",\"visible\":false,\"editable\":true},\"list\":{\"label\":\"Updated_at\",\"searchable\":true,\"sortable\":true}}},\"layouts\":{\"list\":[\"id\",\"username\",\"email\",\"confirmed\"],\"editRelations\":[\"role\"],\"edit\":[[{\"name\":\"username\",\"size\":6},{\"name\":\"email\",\"size\":6}],[{\"name\":\"password\",\"size\":6},{\"name\":\"confirmed\",\"size\":4}],[{\"name\":\"blocked\",\"size\":4}]]}}','object','',''),(18,'plugin_content_manager_configuration_content_types::plugins::upload.file','{\"uid\":\"plugins::upload.file\",\"settings\":{\"bulkable\":true,\"filterable\":true,\"searchable\":true,\"pageSize\":10,\"mainField\":\"name\",\"defaultSortBy\":\"name\",\"defaultSortOrder\":\"ASC\"},\"metadatas\":{\"id\":{\"edit\":{},\"list\":{\"label\":\"Id\",\"searchable\":true,\"sortable\":true}},\"name\":{\"edit\":{\"label\":\"Name\",\"description\":\"\",\"placeholder\":\"\",\"visible\":true,\"editable\":true},\"list\":{\"label\":\"Name\",\"searchable\":true,\"sortable\":true}},\"alternativeText\":{\"edit\":{\"label\":\"AlternativeText\",\"description\":\"\",\"placeholder\":\"\",\"visible\":true,\"editable\":true},\"list\":{\"label\":\"AlternativeText\",\"searchable\":true,\"sortable\":true}},\"caption\":{\"edit\":{\"label\":\"Caption\",\"description\":\"\",\"placeholder\":\"\",\"visible\":true,\"editable\":true},\"list\":{\"label\":\"Caption\",\"searchable\":true,\"sortable\":true}},\"width\":{\"edit\":{\"label\":\"Width\",\"description\":\"\",\"placeholder\":\"\",\"visible\":true,\"editable\":true},\"list\":{\"label\":\"Width\",\"searchable\":true,\"sortable\":true}},\"height\":{\"edit\":{\"label\":\"Height\",\"description\":\"\",\"placeholder\":\"\",\"visible\":true,\"editable\":true},\"list\":{\"label\":\"Height\",\"searchable\":true,\"sortable\":true}},\"formats\":{\"edit\":{\"label\":\"Formats\",\"description\":\"\",\"placeholder\":\"\",\"visible\":true,\"editable\":true},\"list\":{\"label\":\"Formats\",\"searchable\":false,\"sortable\":false}},\"hash\":{\"edit\":{\"label\":\"Hash\",\"description\":\"\",\"placeholder\":\"\",\"visible\":true,\"editable\":true},\"list\":{\"label\":\"Hash\",\"searchable\":true,\"sortable\":true}},\"ext\":{\"edit\":{\"label\":\"Ext\",\"description\":\"\",\"placeholder\":\"\",\"visible\":true,\"editable\":true},\"list\":{\"label\":\"Ext\",\"searchable\":true,\"sortable\":true}},\"mime\":{\"edit\":{\"label\":\"Mime\",\"description\":\"\",\"placeholder\":\"\",\"visible\":true,\"editable\":true},\"list\":{\"label\":\"Mime\",\"searchable\":true,\"sortable\":true}},\"size\":{\"edit\":{\"label\":\"Size\",\"description\":\"\",\"placeholder\":\"\",\"visible\":true,\"editable\":true},\"list\":{\"label\":\"Size\",\"searchable\":true,\"sortable\":true}},\"url\":{\"edit\":{\"label\":\"Url\",\"description\":\"\",\"placeholder\":\"\",\"visible\":true,\"editable\":true},\"list\":{\"label\":\"Url\",\"searchable\":true,\"sortable\":true}},\"previewUrl\":{\"edit\":{\"label\":\"PreviewUrl\",\"description\":\"\",\"placeholder\":\"\",\"visible\":true,\"editable\":true},\"list\":{\"label\":\"PreviewUrl\",\"searchable\":true,\"sortable\":true}},\"provider\":{\"edit\":{\"label\":\"Provider\",\"description\":\"\",\"placeholder\":\"\",\"visible\":true,\"editable\":true},\"list\":{\"label\":\"Provider\",\"searchable\":true,\"sortable\":true}},\"provider_metadata\":{\"edit\":{\"label\":\"Provider_metadata\",\"description\":\"\",\"placeholder\":\"\",\"visible\":true,\"editable\":true},\"list\":{\"label\":\"Provider_metadata\",\"searchable\":false,\"sortable\":false}},\"related\":{\"edit\":{\"label\":\"Related\",\"description\":\"\",\"placeholder\":\"\",\"visible\":true,\"editable\":true},\"list\":{\"label\":\"Related\",\"searchable\":false,\"sortable\":false}},\"created_at\":{\"edit\":{\"label\":\"Created_at\",\"description\":\"\",\"placeholder\":\"\",\"visible\":false,\"editable\":true},\"list\":{\"label\":\"Created_at\",\"searchable\":true,\"sortable\":true}},\"updated_at\":{\"edit\":{\"label\":\"Updated_at\",\"description\":\"\",\"placeholder\":\"\",\"visible\":false,\"editable\":true},\"list\":{\"label\":\"Updated_at\",\"searchable\":true,\"sortable\":true}}},\"layouts\":{\"list\":[\"id\",\"name\",\"alternativeText\",\"caption\"],\"editRelations\":[\"related\"],\"edit\":[[{\"name\":\"name\",\"size\":6},{\"name\":\"alternativeText\",\"size\":6}],[{\"name\":\"caption\",\"size\":6},{\"name\":\"width\",\"size\":4}],[{\"name\":\"height\",\"size\":4}],[{\"name\":\"formats\",\"size\":12}],[{\"name\":\"hash\",\"size\":6},{\"name\":\"ext\",\"size\":6}],[{\"name\":\"mime\",\"size\":6},{\"name\":\"size\",\"size\":4}],[{\"name\":\"url\",\"size\":6},{\"name\":\"previewUrl\",\"size\":6}],[{\"name\":\"provider\",\"size\":6}],[{\"name\":\"provider_metadata\",\"size\":12}]]}}','object','',''),(19,'plugin_users-permissions_email','{\"reset_password\":{\"display\":\"Email.template.reset_password\",\"icon\":\"sync\",\"options\":{\"from\":{\"name\":\"Administration Panel\",\"email\":\"no-reply@strapi.io\"},\"response_email\":\"\",\"object\":\"Reset password\",\"message\":\"<p>We heard that you lost your password. Sorry about that!</p>\\n\\n<p>But don’t worry! You can use the following link to reset your password:</p>\\n<p><%= URL %>?code=<%= TOKEN %></p>\\n\\n<p>Thanks.</p>\"}},\"email_confirmation\":{\"display\":\"Email.template.email_confirmation\",\"icon\":\"check-square\",\"options\":{\"from\":{\"name\":\"Administration Panel\",\"email\":\"no-reply@strapi.io\"},\"response_email\":\"\",\"object\":\"Account confirmation\",\"message\":\"<p>Thank you for registering!</p>\\n\\n<p>You have to confirm your email address. Please click on the link below.</p>\\n\\n<p><%= URL %>?confirmation=<%= CODE %></p>\\n\\n<p>Thanks.</p>\"}}}','object','',''),(20,'plugin_users-permissions_advanced','{\"unique_email\":true,\"allow_register\":true,\"email_confirmation\":false,\"email_reset_password\":null,\"email_confirmation_redirection\":null,\"default_role\":\"authenticated\"}','object','',''),(21,'core_admin_auth','{\"providers\":{\"autoRegister\":false,\"defaultRole\":null}}','object','',''),(22,'model_def_application::advertisments.advertisments','{\"uid\":\"application::advertisments.advertisments\",\"collectionName\":\"advertisements\",\"kind\":\"collectionType\",\"info\":{\"name\":\"Advertisements\",\"description\":\"\"},\"options\":{\"increments\":true,\"timestamps\":[\"created_at\",\"updated_at\"],\"draftAndPublish\":false},\"attributes\":{\"Num_Players\":{\"default\":1,\"required\":true,\"type\":\"integer\",\"max\":10,\"min\":1},\"Game_Mode\":{\"model\":\"game-modes\",\"via\":\"Advertisments\"},\"Game_Name\":{\"model\":\"games\",\"via\":\"Advertisments\"},\"Game_Rank\":{\"type\":\"integer\",\"default\":0},\"Region\":{\"model\":\"regions\",\"via\":\"Advertisments\"},\"Comm\":{\"model\":\"comms\",\"via\":\"Advertisments\"},\"Contact_Desc\":{\"type\":\"text\",\"required\":true,\"unique\":false},\"Platform\":{\"model\":\"platforms\",\"via\":\"Advertisments\"},\"Active_User\":{\"model\":\"active-users\",\"via\":\"Advertisments\"},\"Player_Role\":{\"model\":\"player-role\",\"via\":\"Advertisments\"},\"created_by\":{\"model\":\"user\",\"plugin\":\"admin\",\"configurable\":false,\"writable\":false,\"private\":true},\"updated_by\":{\"model\":\"user\",\"plugin\":\"admin\",\"configurable\":false,\"writable\":false,\"private\":true}}}','object',NULL,NULL),(24,'model_def_application::games.games','{\"uid\":\"application::games.games\",\"collectionName\":\"games\",\"kind\":\"collectionType\",\"info\":{\"name\":\"Games\",\"description\":\"\"},\"options\":{\"increments\":true,\"timestamps\":[\"created_at\",\"updated_at\"],\"draftAndPublish\":false},\"attributes\":{\"Title\":{\"type\":\"string\",\"required\":true,\"unique\":true},\"Advertisments\":{\"via\":\"Game_Name\",\"collection\":\"advertisments\",\"isVirtual\":true},\"created_by\":{\"model\":\"user\",\"plugin\":\"admin\",\"configurable\":false,\"writable\":false,\"private\":true},\"updated_by\":{\"model\":\"user\",\"plugin\":\"admin\",\"configurable\":false,\"writable\":false,\"private\":true}}}','object',NULL,NULL),(26,'model_def_application::game-modes.game-modes','{\"uid\":\"application::game-modes.game-modes\",\"collectionName\":\"game_modes\",\"kind\":\"collectionType\",\"info\":{\"name\":\"Game_Modes\",\"description\":\"\"},\"options\":{\"increments\":true,\"timestamps\":[\"created_at\",\"updated_at\"],\"draftAndPublish\":false},\"attributes\":{\"Title\":{\"type\":\"string\",\"required\":true,\"unique\":true},\"Advertisments\":{\"via\":\"Game_Mode\",\"collection\":\"advertisments\",\"isVirtual\":true},\"created_by\":{\"model\":\"user\",\"plugin\":\"admin\",\"configurable\":false,\"writable\":false,\"private\":true},\"updated_by\":{\"model\":\"user\",\"plugin\":\"admin\",\"configurable\":false,\"writable\":false,\"private\":true}}}','object',NULL,NULL),(31,'model_def_application::regions.regions','{\"uid\":\"application::regions.regions\",\"collectionName\":\"regions\",\"kind\":\"collectionType\",\"info\":{\"name\":\"Regions\",\"description\":\"\"},\"options\":{\"increments\":true,\"timestamps\":[\"created_at\",\"updated_at\"],\"draftAndPublish\":false},\"attributes\":{\"Name\":{\"type\":\"string\",\"required\":true,\"unique\":true},\"Advertisments\":{\"via\":\"Region\",\"collection\":\"advertisments\",\"isVirtual\":true},\"created_by\":{\"model\":\"user\",\"plugin\":\"admin\",\"configurable\":false,\"writable\":false,\"private\":true},\"updated_by\":{\"model\":\"user\",\"plugin\":\"admin\",\"configurable\":false,\"writable\":false,\"private\":true}}}','object',NULL,NULL),(33,'model_def_application::comms.comms','{\"uid\":\"application::comms.comms\",\"collectionName\":\"comms\",\"kind\":\"collectionType\",\"info\":{\"name\":\"Comms\",\"description\":\"\"},\"options\":{\"increments\":true,\"timestamps\":[\"created_at\",\"updated_at\"],\"draftAndPublish\":false},\"attributes\":{\"Type\":{\"type\":\"string\",\"unique\":true,\"required\":true},\"Advertisments\":{\"via\":\"Comm\",\"collection\":\"advertisments\",\"isVirtual\":true},\"created_by\":{\"model\":\"user\",\"plugin\":\"admin\",\"configurable\":false,\"writable\":false,\"private\":true},\"updated_by\":{\"model\":\"user\",\"plugin\":\"admin\",\"configurable\":false,\"writable\":false,\"private\":true}}}','object',NULL,NULL),(35,'model_def_application::platforms.platforms','{\"uid\":\"application::platforms.platforms\",\"collectionName\":\"platforms\",\"kind\":\"collectionType\",\"info\":{\"name\":\"Platforms\",\"description\":\"\"},\"options\":{\"increments\":true,\"timestamps\":[\"created_at\",\"updated_at\"],\"draftAndPublish\":false},\"attributes\":{\"Name\":{\"type\":\"string\",\"required\":true,\"unique\":true},\"Advertisments\":{\"via\":\"Platform\",\"collection\":\"advertisments\",\"isVirtual\":true},\"created_by\":{\"model\":\"user\",\"plugin\":\"admin\",\"configurable\":false,\"writable\":false,\"private\":true},\"updated_by\":{\"model\":\"user\",\"plugin\":\"admin\",\"configurable\":false,\"writable\":false,\"private\":true}}}','object',NULL,NULL),(37,'plugin_content_manager_configuration_content_types::application::advertisments.advertisments','{\"uid\":\"application::advertisments.advertisments\",\"settings\":{\"bulkable\":true,\"filterable\":true,\"searchable\":true,\"pageSize\":10,\"mainField\":\"id\",\"defaultSortBy\":\"id\",\"defaultSortOrder\":\"ASC\"},\"metadatas\":{\"id\":{\"edit\":{},\"list\":{\"label\":\"Id\",\"searchable\":true,\"sortable\":true}},\"Num_Players\":{\"edit\":{\"label\":\"Num_Players\",\"description\":\"\",\"placeholder\":\"\",\"visible\":true,\"editable\":true},\"list\":{\"label\":\"Num_Players\",\"searchable\":true,\"sortable\":true}},\"Game_Mode\":{\"edit\":{\"label\":\"Game_Mode\",\"description\":\"\",\"placeholder\":\"\",\"visible\":true,\"editable\":true,\"mainField\":\"Title\"},\"list\":{\"label\":\"Game_Mode\",\"searchable\":true,\"sortable\":true}},\"Game_Name\":{\"edit\":{\"label\":\"Game_Name\",\"description\":\"\",\"placeholder\":\"\",\"visible\":true,\"editable\":true,\"mainField\":\"Title\"},\"list\":{\"label\":\"Game_Name\",\"searchable\":true,\"sortable\":true}},\"Game_Rank\":{\"edit\":{\"label\":\"Game_Rank\",\"description\":\"\",\"placeholder\":\"\",\"visible\":true,\"editable\":true},\"list\":{\"label\":\"Game_Rank\",\"searchable\":true,\"sortable\":true}},\"Region\":{\"edit\":{\"label\":\"Region\",\"description\":\"\",\"placeholder\":\"\",\"visible\":true,\"editable\":true,\"mainField\":\"Name\"},\"list\":{\"label\":\"Region\",\"searchable\":true,\"sortable\":true}},\"Comm\":{\"edit\":{\"label\":\"Comm\",\"description\":\"\",\"placeholder\":\"\",\"visible\":true,\"editable\":true,\"mainField\":\"Type\"},\"list\":{\"label\":\"Comm\",\"searchable\":true,\"sortable\":true}},\"Contact_Desc\":{\"edit\":{\"label\":\"Contact_Desc\",\"description\":\"\",\"placeholder\":\"\",\"visible\":true,\"editable\":true},\"list\":{\"label\":\"Contact_Desc\",\"searchable\":true,\"sortable\":true}},\"Platform\":{\"edit\":{\"label\":\"Platform\",\"description\":\"\",\"placeholder\":\"\",\"visible\":true,\"editable\":true,\"mainField\":\"Name\"},\"list\":{\"label\":\"Platform\",\"searchable\":true,\"sortable\":true}},\"Active_User\":{\"edit\":{\"label\":\"Active_User\",\"description\":\"\",\"placeholder\":\"\",\"visible\":true,\"editable\":true,\"mainField\":\"Display_Name\"},\"list\":{\"label\":\"Active_User\",\"searchable\":true,\"sortable\":true}},\"Player_Role\":{\"edit\":{\"label\":\"Player_Role\",\"description\":\"\",\"placeholder\":\"\",\"visible\":true,\"editable\":true,\"mainField\":\"Role\"},\"list\":{\"label\":\"Player_Role\",\"searchable\":true,\"sortable\":true}},\"created_at\":{\"edit\":{\"label\":\"Created_at\",\"description\":\"\",\"placeholder\":\"\",\"visible\":false,\"editable\":true},\"list\":{\"label\":\"Created_at\",\"searchable\":true,\"sortable\":true}},\"updated_at\":{\"edit\":{\"label\":\"Updated_at\",\"description\":\"\",\"placeholder\":\"\",\"visible\":false,\"editable\":true},\"list\":{\"label\":\"Updated_at\",\"searchable\":true,\"sortable\":true}}},\"layouts\":{\"list\":[\"id\",\"Num_Players\",\"Game_Mode\",\"Game_Name\"],\"edit\":[[{\"name\":\"Num_Players\",\"size\":4},{\"name\":\"Game_Rank\",\"size\":4}],[{\"name\":\"Contact_Desc\",\"size\":6}]],\"editRelations\":[\"Game_Mode\",\"Game_Name\",\"Region\",\"Comm\",\"Platform\",\"Active_User\",\"Player_Role\"]}}','object','',''),(38,'plugin_content_manager_configuration_content_types::application::comms.comms','{\"uid\":\"application::comms.comms\",\"settings\":{\"bulkable\":true,\"filterable\":true,\"searchable\":true,\"pageSize\":10,\"mainField\":\"Type\",\"defaultSortBy\":\"Type\",\"defaultSortOrder\":\"ASC\"},\"metadatas\":{\"id\":{\"edit\":{},\"list\":{\"label\":\"Id\",\"searchable\":true,\"sortable\":true}},\"Type\":{\"edit\":{\"label\":\"Type\",\"description\":\"\",\"placeholder\":\"\",\"visible\":true,\"editable\":true},\"list\":{\"label\":\"Type\",\"searchable\":true,\"sortable\":true}},\"Advertisments\":{\"edit\":{\"label\":\"Advertisments\",\"description\":\"\",\"placeholder\":\"\",\"visible\":true,\"editable\":true,\"mainField\":\"id\"},\"list\":{\"label\":\"Advertisments\",\"searchable\":false,\"sortable\":false}},\"created_at\":{\"edit\":{\"label\":\"Created_at\",\"description\":\"\",\"placeholder\":\"\",\"visible\":false,\"editable\":true},\"list\":{\"label\":\"Created_at\",\"searchable\":true,\"sortable\":true}},\"updated_at\":{\"edit\":{\"label\":\"Updated_at\",\"description\":\"\",\"placeholder\":\"\",\"visible\":false,\"editable\":true},\"list\":{\"label\":\"Updated_at\",\"searchable\":true,\"sortable\":true}}},\"layouts\":{\"list\":[\"id\",\"Type\",\"Advertisments\"],\"edit\":[[{\"name\":\"Type\",\"size\":6}]],\"editRelations\":[\"Advertisments\"]}}','object','',''),(39,'plugin_content_manager_configuration_content_types::application::regions.regions','{\"uid\":\"application::regions.regions\",\"settings\":{\"bulkable\":true,\"filterable\":true,\"searchable\":true,\"pageSize\":10,\"mainField\":\"Name\",\"defaultSortBy\":\"Name\",\"defaultSortOrder\":\"ASC\"},\"metadatas\":{\"id\":{\"edit\":{},\"list\":{\"label\":\"Id\",\"searchable\":true,\"sortable\":true}},\"Name\":{\"edit\":{\"label\":\"Name\",\"description\":\"\",\"placeholder\":\"\",\"visible\":true,\"editable\":true},\"list\":{\"label\":\"Name\",\"searchable\":true,\"sortable\":true}},\"Advertisments\":{\"edit\":{\"label\":\"Advertisments\",\"description\":\"\",\"placeholder\":\"\",\"visible\":true,\"editable\":true,\"mainField\":\"id\"},\"list\":{\"label\":\"Advertisments\",\"searchable\":false,\"sortable\":false}},\"created_at\":{\"edit\":{\"label\":\"Created_at\",\"description\":\"\",\"placeholder\":\"\",\"visible\":false,\"editable\":true},\"list\":{\"label\":\"Created_at\",\"searchable\":true,\"sortable\":true}},\"updated_at\":{\"edit\":{\"label\":\"Updated_at\",\"description\":\"\",\"placeholder\":\"\",\"visible\":false,\"editable\":true},\"list\":{\"label\":\"Updated_at\",\"searchable\":true,\"sortable\":true}}},\"layouts\":{\"list\":[\"id\",\"Name\",\"Advertisments\"],\"edit\":[[{\"name\":\"Name\",\"size\":6}]],\"editRelations\":[\"Advertisments\"]}}','object','',''),(40,'plugin_content_manager_configuration_content_types::application::platforms.platforms','{\"uid\":\"application::platforms.platforms\",\"settings\":{\"bulkable\":true,\"filterable\":true,\"searchable\":true,\"pageSize\":10,\"mainField\":\"Name\",\"defaultSortBy\":\"Name\",\"defaultSortOrder\":\"ASC\"},\"metadatas\":{\"id\":{\"edit\":{},\"list\":{\"label\":\"Id\",\"searchable\":true,\"sortable\":true}},\"Name\":{\"edit\":{\"label\":\"Name\",\"description\":\"\",\"placeholder\":\"\",\"visible\":true,\"editable\":true},\"list\":{\"label\":\"Name\",\"searchable\":true,\"sortable\":true}},\"Advertisments\":{\"edit\":{\"label\":\"Advertisments\",\"description\":\"\",\"placeholder\":\"\",\"visible\":true,\"editable\":true,\"mainField\":\"id\"},\"list\":{\"label\":\"Advertisments\",\"searchable\":false,\"sortable\":false}},\"created_at\":{\"edit\":{\"label\":\"Created_at\",\"description\":\"\",\"placeholder\":\"\",\"visible\":false,\"editable\":true},\"list\":{\"label\":\"Created_at\",\"searchable\":true,\"sortable\":true}},\"updated_at\":{\"edit\":{\"label\":\"Updated_at\",\"description\":\"\",\"placeholder\":\"\",\"visible\":false,\"editable\":true},\"list\":{\"label\":\"Updated_at\",\"searchable\":true,\"sortable\":true}}},\"layouts\":{\"list\":[\"id\",\"Name\",\"Advertisments\"],\"edit\":[[{\"name\":\"Name\",\"size\":6}]],\"editRelations\":[\"Advertisments\"]}}','object','',''),(41,'plugin_content_manager_configuration_content_types::application::games.games','{\"uid\":\"application::games.games\",\"settings\":{\"bulkable\":true,\"filterable\":true,\"searchable\":true,\"pageSize\":10,\"mainField\":\"Title\",\"defaultSortBy\":\"Title\",\"defaultSortOrder\":\"ASC\"},\"metadatas\":{\"id\":{\"edit\":{},\"list\":{\"label\":\"Id\",\"searchable\":true,\"sortable\":true}},\"Title\":{\"edit\":{\"label\":\"Title\",\"description\":\"\",\"placeholder\":\"\",\"visible\":true,\"editable\":true},\"list\":{\"label\":\"Title\",\"searchable\":true,\"sortable\":true}},\"Advertisments\":{\"edit\":{\"label\":\"Advertisments\",\"description\":\"\",\"placeholder\":\"\",\"visible\":true,\"editable\":true,\"mainField\":\"id\"},\"list\":{\"label\":\"Advertisments\",\"searchable\":false,\"sortable\":false}},\"created_at\":{\"edit\":{\"label\":\"Created_at\",\"description\":\"\",\"placeholder\":\"\",\"visible\":false,\"editable\":true},\"list\":{\"label\":\"Created_at\",\"searchable\":true,\"sortable\":true}},\"updated_at\":{\"edit\":{\"label\":\"Updated_at\",\"description\":\"\",\"placeholder\":\"\",\"visible\":false,\"editable\":true},\"list\":{\"label\":\"Updated_at\",\"searchable\":true,\"sortable\":true}}},\"layouts\":{\"list\":[\"id\",\"Title\",\"Advertisments\"],\"edit\":[[{\"name\":\"Title\",\"size\":6}]],\"editRelations\":[\"Advertisments\"]}}','object','',''),(42,'plugin_content_manager_configuration_content_types::application::game-modes.game-modes','{\"uid\":\"application::game-modes.game-modes\",\"settings\":{\"bulkable\":true,\"filterable\":true,\"searchable\":true,\"pageSize\":10,\"mainField\":\"Title\",\"defaultSortBy\":\"Title\",\"defaultSortOrder\":\"ASC\"},\"metadatas\":{\"id\":{\"edit\":{},\"list\":{\"label\":\"Id\",\"searchable\":true,\"sortable\":true}},\"Title\":{\"edit\":{\"label\":\"Title\",\"description\":\"\",\"placeholder\":\"\",\"visible\":true,\"editable\":true},\"list\":{\"label\":\"Title\",\"searchable\":true,\"sortable\":true}},\"Advertisments\":{\"edit\":{\"label\":\"Advertisments\",\"description\":\"\",\"placeholder\":\"\",\"visible\":true,\"editable\":true,\"mainField\":\"id\"},\"list\":{\"label\":\"Advertisments\",\"searchable\":false,\"sortable\":false}},\"created_at\":{\"edit\":{\"label\":\"Created_at\",\"description\":\"\",\"placeholder\":\"\",\"visible\":false,\"editable\":true},\"list\":{\"label\":\"Created_at\",\"searchable\":true,\"sortable\":true}},\"updated_at\":{\"edit\":{\"label\":\"Updated_at\",\"description\":\"\",\"placeholder\":\"\",\"visible\":false,\"editable\":true},\"list\":{\"label\":\"Updated_at\",\"searchable\":true,\"sortable\":true}}},\"layouts\":{\"list\":[\"id\",\"Title\",\"Advertisments\"],\"edit\":[[{\"name\":\"Title\",\"size\":6}]],\"editRelations\":[\"Advertisments\"]}}','object','',''),(43,'model_def_application::active-users.active-users','{\"uid\":\"application::active-users.active-users\",\"collectionName\":\"active_users\",\"kind\":\"collectionType\",\"info\":{\"name\":\"Active Users\",\"description\":\"\"},\"options\":{\"increments\":true,\"timestamps\":[\"created_at\",\"updated_at\"],\"draftAndPublish\":false},\"attributes\":{\"Display_Name\":{\"type\":\"string\",\"required\":true,\"unique\":true,\"maxLength\":50,\"minLength\":1},\"Advertisments\":{\"via\":\"Active_User\",\"collection\":\"advertisments\",\"isVirtual\":true},\"created_by\":{\"model\":\"user\",\"plugin\":\"admin\",\"configurable\":false,\"writable\":false,\"private\":true},\"updated_by\":{\"model\":\"user\",\"plugin\":\"admin\",\"configurable\":false,\"writable\":false,\"private\":true}}}','object',NULL,NULL),(44,'plugin_content_manager_configuration_content_types::application::active-users.active-users','{\"uid\":\"application::active-users.active-users\",\"settings\":{\"bulkable\":true,\"filterable\":true,\"searchable\":true,\"pageSize\":10,\"mainField\":\"Display_Name\",\"defaultSortBy\":\"Display_Name\",\"defaultSortOrder\":\"ASC\"},\"metadatas\":{\"id\":{\"edit\":{},\"list\":{\"label\":\"Id\",\"searchable\":true,\"sortable\":true}},\"Display_Name\":{\"edit\":{\"label\":\"Display_Name\",\"description\":\"\",\"placeholder\":\"\",\"visible\":true,\"editable\":true},\"list\":{\"label\":\"Display_Name\",\"searchable\":true,\"sortable\":true}},\"Advertisments\":{\"edit\":{\"label\":\"Advertisments\",\"description\":\"\",\"placeholder\":\"\",\"visible\":true,\"editable\":true,\"mainField\":\"id\"},\"list\":{\"label\":\"Advertisments\",\"searchable\":false,\"sortable\":false}},\"created_at\":{\"edit\":{\"label\":\"Created_at\",\"description\":\"\",\"placeholder\":\"\",\"visible\":false,\"editable\":true},\"list\":{\"label\":\"Created_at\",\"searchable\":true,\"sortable\":true}},\"updated_at\":{\"edit\":{\"label\":\"Updated_at\",\"description\":\"\",\"placeholder\":\"\",\"visible\":false,\"editable\":true},\"list\":{\"label\":\"Updated_at\",\"searchable\":true,\"sortable\":true}}},\"layouts\":{\"list\":[\"id\",\"Display_Name\",\"Advertisments\"],\"edit\":[[{\"name\":\"Display_Name\",\"size\":6}]],\"editRelations\":[\"Advertisments\"]}}','object','',''),(45,'model_def_application::games-test.games-test','{\"uid\":\"application::games-test.games-test\",\"collectionName\":\"games_tests\",\"kind\":\"singleType\",\"info\":{\"name\":\"games_test\"},\"options\":{\"increments\":true,\"timestamps\":[\"created_at\",\"updated_at\"],\"draftAndPublish\":false},\"attributes\":{\"name\":{\"type\":\"string\"},\"created_by\":{\"model\":\"user\",\"plugin\":\"admin\",\"configurable\":false,\"writable\":false,\"private\":true},\"updated_by\":{\"model\":\"user\",\"plugin\":\"admin\",\"configurable\":false,\"writable\":false,\"private\":true}}}','object',NULL,NULL),(47,'model_def_application::player-role.player-role','{\"uid\":\"application::player-role.player-role\",\"collectionName\":\"player_roles\",\"kind\":\"collectionType\",\"info\":{\"name\":\"Player_Role\",\"description\":\"\"},\"options\":{\"increments\":true,\"timestamps\":[\"created_at\",\"updated_at\"],\"draftAndPublish\":false},\"attributes\":{\"Role\":{\"type\":\"string\",\"required\":true,\"unique\":true},\"Advertisments\":{\"via\":\"Player_Role\",\"collection\":\"advertisments\",\"isVirtual\":true},\"created_by\":{\"model\":\"user\",\"plugin\":\"admin\",\"configurable\":false,\"writable\":false,\"private\":true},\"updated_by\":{\"model\":\"user\",\"plugin\":\"admin\",\"configurable\":false,\"writable\":false,\"private\":true}}}','object',NULL,NULL),(50,'plugin_content_manager_configuration_content_types::application::player-role.player-role','{\"uid\":\"application::player-role.player-role\",\"settings\":{\"bulkable\":true,\"filterable\":true,\"searchable\":true,\"pageSize\":10,\"mainField\":\"Role\",\"defaultSortBy\":\"Role\",\"defaultSortOrder\":\"ASC\"},\"metadatas\":{\"id\":{\"edit\":{},\"list\":{\"label\":\"Id\",\"searchable\":true,\"sortable\":true}},\"Role\":{\"edit\":{\"label\":\"Role\",\"description\":\"\",\"placeholder\":\"\",\"visible\":true,\"editable\":true},\"list\":{\"label\":\"Role\",\"searchable\":true,\"sortable\":true}},\"Advertisments\":{\"edit\":{\"label\":\"Advertisments\",\"description\":\"\",\"placeholder\":\"\",\"visible\":true,\"editable\":true,\"mainField\":\"id\"},\"list\":{\"label\":\"Advertisments\",\"searchable\":false,\"sortable\":false}},\"created_at\":{\"edit\":{\"label\":\"Created_at\",\"description\":\"\",\"placeholder\":\"\",\"visible\":false,\"editable\":true},\"list\":{\"label\":\"Created_at\",\"searchable\":true,\"sortable\":true}},\"updated_at\":{\"edit\":{\"label\":\"Updated_at\",\"description\":\"\",\"placeholder\":\"\",\"visible\":false,\"editable\":true},\"list\":{\"label\":\"Updated_at\",\"searchable\":true,\"sortable\":true}}},\"layouts\":{\"list\":[\"id\",\"Role\",\"created_at\",\"Advertisments\"],\"edit\":[[{\"name\":\"Role\",\"size\":6}]],\"editRelations\":[\"Advertisments\"]}}','object','',''),(51,'plugin_upload_settings','{\"sizeOptimization\":true,\"responsiveDimensions\":true}','object','production','');
/*!40000 ALTER TABLE `core_store` ENABLE KEYS */;
UNLOCK TABLES;

--
-- Table structure for table `game_modes`
--

DROP TABLE IF EXISTS `game_modes`;
/*!40101 SET @saved_cs_client     = @@character_set_client */;
/*!40101 SET character_set_client = utf8 */;
CREATE TABLE `game_modes` (
  `id` int(10) unsigned NOT NULL AUTO_INCREMENT,
  `Title` varchar(255) DEFAULT NULL,
  `created_by` int(11) DEFAULT NULL,
  `updated_by` int(11) DEFAULT NULL,
  `created_at` timestamp NULL DEFAULT current_timestamp(),
  `updated_at` timestamp NULL DEFAULT current_timestamp(),
  PRIMARY KEY (`id`),
  UNIQUE KEY `game_modes_Title_unique` (`Title`)
) ENGINE=InnoDB AUTO_INCREMENT=8 DEFAULT CHARSET=utf8mb4;
/*!40101 SET character_set_client = @saved_cs_client */;

--
-- Dumping data for table `game_modes`
--

LOCK TABLES `game_modes` WRITE;
/*!40000 ALTER TABLE `game_modes` DISABLE KEYS */;
INSERT INTO `game_modes` VALUES (1,'Raid',3,3,'2021-03-24 04:35:39','2021-03-24 04:35:41'),(2,'Battle Royale',3,3,'2021-03-24 04:36:00','2021-03-24 04:36:02'),(3,'Plunder',3,3,'2021-03-24 04:36:11','2021-03-24 04:36:13'),(4,'PvP',3,3,'2021-03-24 04:36:37','2021-03-24 04:36:39'),(5,'PvE',3,3,'2021-03-24 04:36:47','2021-03-24 04:36:52'),(6,'Multiplayer',3,3,'2021-03-24 04:37:05','2021-03-24 04:37:09'),(7,'Zombies',3,3,'2021-03-24 04:37:25','2021-03-24 04:37:27');
/*!40000 ALTER TABLE `game_modes` ENABLE KEYS */;
UNLOCK TABLES;

--
-- Table structure for table `games`
--

DROP TABLE IF EXISTS `games`;
/*!40101 SET @saved_cs_client     = @@character_set_client */;
/*!40101 SET character_set_client = utf8 */;
CREATE TABLE `games` (
  `id` int(10) unsigned NOT NULL AUTO_INCREMENT,
  `Title` varchar(255) DEFAULT NULL,
  `created_by` int(11) DEFAULT NULL,
  `updated_by` int(11) DEFAULT NULL,
  `created_at` timestamp NULL DEFAULT current_timestamp(),
  `updated_at` timestamp NULL DEFAULT current_timestamp(),
  PRIMARY KEY (`id`),
  UNIQUE KEY `games_Title_unique` (`Title`)
) ENGINE=InnoDB AUTO_INCREMENT=9 DEFAULT CHARSET=utf8mb4;
/*!40101 SET character_set_client = @saved_cs_client */;

--
-- Dumping data for table `games`
--

LOCK TABLES `games` WRITE;
/*!40000 ALTER TABLE `games` DISABLE KEYS */;
INSERT INTO `games` VALUES (1,'Dark Souls',3,3,'2021-03-24 04:31:24','2021-03-24 04:32:10'),(2,'Destiny',3,3,'2021-03-24 04:32:29','2021-03-24 04:32:32'),(3,'Dark Souls 2',3,3,'2021-03-24 04:32:57','2021-03-24 04:32:59'),(4,'Warzone',3,3,'2021-03-24 04:33:14','2021-03-24 04:33:16'),(5,'Darks Souls 3',3,3,'2021-03-24 04:33:29','2021-03-24 04:33:32'),(6,'Call of Duty: Modern Warfare',3,3,'2021-03-24 04:34:23','2021-03-24 04:34:25'),(7,'Call of Duty: Black Ops Cold War',3,3,'2021-03-24 04:34:45','2021-03-24 04:34:47'),(8,'Battlefield 1',3,3,'2021-03-24 04:35:05','2021-03-24 04:35:07');
/*!40000 ALTER TABLE `games` ENABLE KEYS */;
UNLOCK TABLES;

--
-- Table structure for table `games_tests`
--

DROP TABLE IF EXISTS `games_tests`;
/*!40101 SET @saved_cs_client     = @@character_set_client */;
/*!40101 SET character_set_client = utf8 */;
CREATE TABLE `games_tests` (
  `id` int(10) unsigned NOT NULL AUTO_INCREMENT,
  `name` varchar(255) DEFAULT NULL,
  `created_by` int(11) DEFAULT NULL,
  `updated_by` int(11) DEFAULT NULL,
  `created_at` timestamp NULL DEFAULT current_timestamp(),
  `updated_at` timestamp NULL DEFAULT current_timestamp(),
  PRIMARY KEY (`id`)
) ENGINE=InnoDB DEFAULT CHARSET=utf8mb4;
/*!40101 SET character_set_client = @saved_cs_client */;

--
-- Dumping data for table `games_tests`
--

LOCK TABLES `games_tests` WRITE;
/*!40000 ALTER TABLE `games_tests` DISABLE KEYS */;
/*!40000 ALTER TABLE `games_tests` ENABLE KEYS */;
UNLOCK TABLES;

--
-- Table structure for table `platforms`
--

DROP TABLE IF EXISTS `platforms`;
/*!40101 SET @saved_cs_client     = @@character_set_client */;
/*!40101 SET character_set_client = utf8 */;
CREATE TABLE `platforms` (
  `id` int(10) unsigned NOT NULL AUTO_INCREMENT,
  `Name` varchar(255) DEFAULT NULL,
  `created_by` int(11) DEFAULT NULL,
  `updated_by` int(11) DEFAULT NULL,
  `created_at` timestamp NULL DEFAULT current_timestamp(),
  `updated_at` timestamp NULL DEFAULT current_timestamp(),
  PRIMARY KEY (`id`),
  UNIQUE KEY `platforms_Name_unique` (`Name`)
) ENGINE=InnoDB AUTO_INCREMENT=6 DEFAULT CHARSET=utf8mb4;
/*!40101 SET character_set_client = @saved_cs_client */;

--
-- Dumping data for table `platforms`
--

LOCK TABLES `platforms` WRITE;
/*!40000 ALTER TABLE `platforms` DISABLE KEYS */;
INSERT INTO `platforms` VALUES (1,'PC',3,3,'2021-03-24 04:47:23','2021-03-24 04:47:25'),(2,'Xbox One',3,3,'2021-03-24 04:47:34','2021-03-24 04:47:36'),(3,'PS4',3,3,'2021-03-24 04:47:45','2021-03-24 04:47:47'),(4,'Xbox One X',3,3,'2021-03-24 04:48:29','2021-03-24 04:48:31'),(5,'PS5',3,3,'2021-03-24 04:48:38','2021-03-24 04:48:40');
/*!40000 ALTER TABLE `platforms` ENABLE KEYS */;
UNLOCK TABLES;

--
-- Table structure for table `player_roles`
--

DROP TABLE IF EXISTS `player_roles`;
/*!40101 SET @saved_cs_client     = @@character_set_client */;
/*!40101 SET character_set_client = utf8 */;
CREATE TABLE `player_roles` (
  `id` int(10) unsigned NOT NULL AUTO_INCREMENT,
  `Role` varchar(255) NOT NULL,
  `created_by` int(11) DEFAULT NULL,
  `updated_by` int(11) DEFAULT NULL,
  `created_at` timestamp NULL DEFAULT current_timestamp(),
  `updated_at` timestamp NULL DEFAULT current_timestamp(),
  PRIMARY KEY (`id`),
  UNIQUE KEY `player_roles_Role_unique` (`Role`)
) ENGINE=InnoDB AUTO_INCREMENT=8 DEFAULT CHARSET=utf8mb4;
/*!40101 SET character_set_client = @saved_cs_client */;

--
-- Dumping data for table `player_roles`
--

LOCK TABLES `player_roles` WRITE;
/*!40000 ALTER TABLE `player_roles` DISABLE KEYS */;
INSERT INTO `player_roles` VALUES (1,'Top',1,1,'2021-03-29 03:43:18','2021-03-29 04:13:57'),(2,'Support',2,2,'2021-03-29 03:48:22','2021-03-29 04:13:57'),(3,'Healer/Medic',2,2,'2021-03-29 03:48:52','2021-03-29 04:13:57'),(4,'Tank',2,2,'2021-03-29 03:49:08','2021-03-29 04:13:57'),(5,'Middle',2,2,'2021-03-29 03:49:44','2021-03-29 04:13:57'),(6,'Bottom',2,2,'2021-03-29 03:49:54','2021-03-29 04:13:57'),(7,'Jungler',2,2,'2021-03-29 03:50:03','2021-03-29 04:13:57');
/*!40000 ALTER TABLE `player_roles` ENABLE KEYS */;
UNLOCK TABLES;

--
-- Table structure for table `regions`
--

DROP TABLE IF EXISTS `regions`;
/*!40101 SET @saved_cs_client     = @@character_set_client */;
/*!40101 SET character_set_client = utf8 */;
CREATE TABLE `regions` (
  `id` int(10) unsigned NOT NULL AUTO_INCREMENT,
  `Name` varchar(255) DEFAULT NULL,
  `created_by` int(11) DEFAULT NULL,
  `updated_by` int(11) DEFAULT NULL,
  `created_at` timestamp NULL DEFAULT current_timestamp(),
  `updated_at` timestamp NULL DEFAULT current_timestamp(),
  PRIMARY KEY (`id`),
  UNIQUE KEY `regions_Name_unique` (`Name`)
) ENGINE=InnoDB AUTO_INCREMENT=7 DEFAULT CHARSET=utf8mb4;
/*!40101 SET character_set_client = @saved_cs_client */;

--
-- Dumping data for table `regions`
--

LOCK TABLES `regions` WRITE;
/*!40000 ALTER TABLE `regions` DISABLE KEYS */;
INSERT INTO `regions` VALUES (1,'NA',3,3,'2021-03-24 04:41:08','2021-03-24 04:41:10'),(2,'EU',3,3,'2021-03-24 04:41:16','2021-03-24 04:41:18'),(3,'SA',3,3,'2021-03-24 04:41:24','2021-03-24 04:41:27'),(4,'OC',3,3,'2021-03-24 04:41:46','2021-03-24 04:41:49'),(5,'AS',3,3,'2021-03-24 04:42:02','2021-03-24 04:42:05'),(6,'BD',1,1,'2021-03-31 02:58:06','2021-03-31 02:58:06');
/*!40000 ALTER TABLE `regions` ENABLE KEYS */;
UNLOCK TABLES;

--
-- Table structure for table `strapi_administrator`
--

DROP TABLE IF EXISTS `strapi_administrator`;
/*!40101 SET @saved_cs_client     = @@character_set_client */;
/*!40101 SET character_set_client = utf8 */;
CREATE TABLE `strapi_administrator` (
  `id` int(10) unsigned NOT NULL AUTO_INCREMENT,
  `firstname` varchar(255) DEFAULT NULL,
  `lastname` varchar(255) DEFAULT NULL,
  `username` varchar(255) DEFAULT NULL,
  `email` varchar(255) NOT NULL,
  `password` varchar(255) DEFAULT NULL,
  `resetPasswordToken` varchar(255) DEFAULT NULL,
  `registrationToken` varchar(255) DEFAULT NULL,
  `isActive` tinyint(1) DEFAULT NULL,
  `blocked` tinyint(1) DEFAULT NULL,
  PRIMARY KEY (`id`),
  UNIQUE KEY `strapi_administrator_email_unique` (`email`)
) ENGINE=InnoDB AUTO_INCREMENT=4 DEFAULT CHARSET=utf8mb4;
/*!40101 SET character_set_client = @saved_cs_client */;

--
-- Dumping data for table `strapi_administrator`
--

LOCK TABLES `strapi_administrator` WRITE;
/*!40000 ALTER TABLE `strapi_administrator` DISABLE KEYS */;
INSERT INTO `strapi_administrator` VALUES (1,'Braden','Cariaga',NULL,'bradencariaga@hotmail.com','$2a$10$GZoOtvOD6X/cEw/vOrAKgOWeH7oei9wFeQB7kV3OOf.ud91J0y.Vu',NULL,NULL,1,NULL),(2,'Hassan','Alhassan',NULL,'aalhassan7330@floridapoly.edu','$2a$10$mfLuJhEqTApR6UtehfjsUOv/gMimtO7ApGC8BX7fJS/iJ5a04E.Uq',NULL,NULL,1,NULL),(3,'David','Dawson',NULL,'ddawson6486@floridapoly.edu','$2a$10$/uScFKS0q1UeW3gcFsb.0u9gdP2kWBuk7XSJLCULS3e98x/TdqJNS',NULL,NULL,1,NULL);
/*!40000 ALTER TABLE `strapi_administrator` ENABLE KEYS */;
UNLOCK TABLES;

--
-- Table structure for table `strapi_permission`
--

DROP TABLE IF EXISTS `strapi_permission`;
/*!40101 SET @saved_cs_client     = @@character_set_client */;
/*!40101 SET character_set_client = utf8 */;
CREATE TABLE `strapi_permission` (
  `id` int(10) unsigned NOT NULL AUTO_INCREMENT,
  `action` varchar(255) NOT NULL,
  `subject` varchar(255) DEFAULT NULL,
  `fields` longtext DEFAULT NULL,
  `conditions` longtext DEFAULT NULL,
  `role` int(11) DEFAULT NULL,
  `created_at` timestamp NULL DEFAULT current_timestamp(),
  `updated_at` timestamp NULL DEFAULT current_timestamp(),
  PRIMARY KEY (`id`)
) ENGINE=InnoDB AUTO_INCREMENT=225 DEFAULT CHARSET=utf8mb4;
/*!40101 SET character_set_client = @saved_cs_client */;

--
-- Dumping data for table `strapi_permission`
--

LOCK TABLES `strapi_permission` WRITE;
/*!40000 ALTER TABLE `strapi_permission` DISABLE KEYS */;
INSERT INTO `strapi_permission` VALUES (1,'plugins::upload.read',NULL,NULL,'[]',2,'2021-03-24 02:45:36','2021-03-24 02:45:36'),(2,'plugins::upload.assets.copy-link',NULL,NULL,'[]',2,'2021-03-24 02:45:36','2021-03-24 02:45:36'),(3,'plugins::upload.assets.download',NULL,NULL,'[]',2,'2021-03-24 02:45:36','2021-03-24 02:45:36'),(4,'plugins::upload.assets.create',NULL,NULL,'[]',2,'2021-03-24 02:45:36','2021-03-24 02:45:36'),(5,'plugins::upload.assets.update',NULL,NULL,'[]',2,'2021-03-24 02:45:36','2021-03-24 02:45:36'),(6,'plugins::upload.read',NULL,NULL,'[\"admin::is-creator\"]',3,'2021-03-24 02:45:36','2021-03-24 02:45:36'),(7,'plugins::upload.assets.create',NULL,NULL,'[]',3,'2021-03-24 02:45:36','2021-03-24 02:45:36'),(8,'plugins::upload.assets.copy-link',NULL,NULL,'[]',3,'2021-03-24 02:45:36','2021-03-24 02:45:36'),(9,'plugins::upload.assets.update',NULL,NULL,'[\"admin::is-creator\"]',3,'2021-03-24 02:45:36','2021-03-24 02:45:36'),(10,'plugins::upload.assets.download',NULL,NULL,'[]',3,'2021-03-24 02:45:36','2021-03-24 02:45:36'),(11,'plugins::content-manager.explorer.create','plugins::users-permissions.user','[\"username\",\"email\",\"provider\",\"password\",\"resetPasswordToken\",\"confirmationToken\",\"confirmed\",\"blocked\",\"role\"]','[]',1,'2021-03-24 02:45:39','2021-03-24 02:45:45'),(12,'plugins::content-manager.explorer.read','plugins::users-permissions.user','[\"username\",\"email\",\"provider\",\"password\",\"resetPasswordToken\",\"confirmationToken\",\"confirmed\",\"blocked\",\"role\"]','[]',1,'2021-03-24 02:45:39','2021-03-24 02:45:45'),(13,'plugins::content-manager.explorer.update','plugins::users-permissions.user','[\"username\",\"email\",\"provider\",\"password\",\"resetPasswordToken\",\"confirmationToken\",\"confirmed\",\"blocked\",\"role\"]','[]',1,'2021-03-24 02:45:39','2021-03-24 02:45:45'),(14,'plugins::content-manager.explorer.delete','plugins::users-permissions.user',NULL,'[]',1,'2021-03-24 02:45:39','2021-03-24 02:45:45'),(15,'plugins::content-type-builder.read',NULL,NULL,'[]',1,'2021-03-24 02:45:39','2021-03-24 02:45:45'),(16,'plugins::email.settings.read',NULL,NULL,'[]',1,'2021-03-24 02:45:39','2021-03-24 02:45:45'),(17,'plugins::upload.read',NULL,NULL,'[]',1,'2021-03-24 02:45:39','2021-03-24 02:45:45'),(18,'plugins::upload.assets.create',NULL,NULL,'[]',1,'2021-03-24 02:45:39','2021-03-24 02:45:45'),(19,'plugins::upload.assets.download',NULL,NULL,'[]',1,'2021-03-24 02:45:39','2021-03-24 02:45:45'),(20,'plugins::upload.assets.update',NULL,NULL,'[]',1,'2021-03-24 02:45:39','2021-03-24 02:45:45'),(21,'plugins::upload.assets.copy-link',NULL,NULL,'[]',1,'2021-03-24 02:45:45','2021-03-24 02:45:45'),(22,'plugins::upload.settings.read',NULL,NULL,'[]',1,'2021-03-24 02:45:45','2021-03-24 02:45:45'),(23,'plugins::content-manager.single-types.configure-view',NULL,NULL,'[]',1,'2021-03-24 02:45:45','2021-03-24 02:45:45'),(24,'plugins::users-permissions.roles.create',NULL,NULL,'[]',1,'2021-03-24 02:45:45','2021-03-24 02:45:45'),(25,'plugins::content-manager.collection-types.configure-view',NULL,NULL,'[]',1,'2021-03-24 02:45:45','2021-03-24 02:45:46'),(26,'plugins::users-permissions.roles.read',NULL,NULL,'[]',1,'2021-03-24 02:45:45','2021-03-24 02:45:45'),(27,'plugins::content-manager.components.configure-layout',NULL,NULL,'[]',1,'2021-03-24 02:45:45','2021-03-24 02:45:46'),(28,'plugins::users-permissions.roles.update',NULL,NULL,'[]',1,'2021-03-24 02:45:45','2021-03-24 02:45:46'),(29,'plugins::users-permissions.roles.delete',NULL,NULL,'[]',1,'2021-03-24 02:45:45','2021-03-24 02:45:46'),(30,'plugins::users-permissions.providers.read',NULL,NULL,'[]',1,'2021-03-24 02:45:45','2021-03-24 02:45:46'),(31,'plugins::users-permissions.providers.update',NULL,NULL,'[]',1,'2021-03-24 02:45:46','2021-03-24 02:45:46'),(32,'plugins::users-permissions.email-templates.read',NULL,NULL,'[]',1,'2021-03-24 02:45:46','2021-03-24 02:45:46'),(33,'plugins::users-permissions.advanced-settings.read',NULL,NULL,'[]',1,'2021-03-24 02:45:46','2021-03-24 02:45:46'),(34,'plugins::users-permissions.email-templates.update',NULL,NULL,'[]',1,'2021-03-24 02:45:46','2021-03-24 02:45:46'),(35,'plugins::users-permissions.advanced-settings.update',NULL,NULL,'[]',1,'2021-03-24 02:45:46','2021-03-24 02:45:46'),(36,'admin::marketplace.read',NULL,NULL,'[]',1,'2021-03-24 02:45:46','2021-03-24 02:45:46'),(37,'admin::marketplace.plugins.install',NULL,NULL,'[]',1,'2021-03-24 02:45:46','2021-03-24 02:45:46'),(38,'admin::marketplace.plugins.uninstall',NULL,NULL,'[]',1,'2021-03-24 02:45:46','2021-03-24 02:45:46'),(39,'admin::webhooks.create',NULL,NULL,'[]',1,'2021-03-24 02:45:46','2021-03-24 02:45:46'),(40,'admin::webhooks.read',NULL,NULL,'[]',1,'2021-03-24 02:45:46','2021-03-24 02:45:46'),(41,'admin::webhooks.update',NULL,NULL,'[]',1,'2021-03-24 02:45:46','2021-03-24 02:45:46'),(42,'admin::webhooks.delete',NULL,NULL,'[]',1,'2021-03-24 02:45:46','2021-03-24 02:45:46'),(43,'admin::users.create',NULL,NULL,'[]',1,'2021-03-24 02:45:46','2021-03-24 02:45:46'),(44,'admin::users.update',NULL,NULL,'[]',1,'2021-03-24 02:45:46','2021-03-24 02:45:46'),(45,'admin::users.read',NULL,NULL,'[]',1,'2021-03-24 02:45:46','2021-03-24 02:45:46'),(46,'admin::users.delete',NULL,NULL,'[]',1,'2021-03-24 02:45:46','2021-03-24 02:45:46'),(47,'admin::roles.create',NULL,NULL,'[]',1,'2021-03-24 02:45:46','2021-03-24 02:45:46'),(48,'admin::roles.read',NULL,NULL,'[]',1,'2021-03-24 02:45:46','2021-03-24 02:45:46'),(49,'admin::roles.update',NULL,NULL,'[]',1,'2021-03-24 02:45:46','2021-03-24 02:45:46'),(50,'admin::roles.delete',NULL,NULL,'[]',1,'2021-03-24 02:45:46','2021-03-24 02:45:46'),(132,'plugins::content-manager.explorer.create','application::comms.comms','[\"Type\",\"Advertisments\"]','[]',1,'2021-03-24 04:46:00','2021-03-24 04:46:00'),(133,'plugins::content-manager.explorer.create','application::regions.regions','[\"Name\",\"Advertisments\"]','[]',1,'2021-03-24 04:46:00','2021-03-24 04:46:00'),(134,'plugins::content-manager.explorer.read','application::games.games','[\"Title\",\"Advertisments\"]','[]',1,'2021-03-24 04:46:00','2021-03-24 04:46:00'),(135,'plugins::content-manager.explorer.read','application::comms.comms','[\"Type\",\"Advertisments\"]','[]',1,'2021-03-24 04:46:00','2021-03-24 04:46:00'),(136,'plugins::content-manager.explorer.read','application::game-modes.game-modes','[\"Title\",\"Advertisments\"]','[]',1,'2021-03-24 04:46:00','2021-03-24 04:46:00'),(138,'plugins::content-manager.explorer.create','application::game-modes.game-modes','[\"Title\",\"Advertisments\"]','[]',1,'2021-03-24 04:46:00','2021-03-24 04:46:00'),(139,'plugins::content-manager.explorer.create','application::platforms.platforms','[\"Name\",\"Advertisments\"]','[]',1,'2021-03-24 04:46:00','2021-03-24 04:46:00'),(141,'plugins::content-manager.explorer.create','application::games.games','[\"Title\",\"Advertisments\"]','[]',1,'2021-03-24 04:46:00','2021-03-24 04:46:00'),(142,'plugins::content-manager.explorer.read','application::platforms.platforms','[\"Name\",\"Advertisments\"]','[]',1,'2021-03-24 04:46:03','2021-03-24 04:46:03'),(144,'plugins::content-manager.explorer.update','application::comms.comms','[\"Type\",\"Advertisments\"]','[]',1,'2021-03-24 04:46:03','2021-03-24 04:46:03'),(145,'plugins::content-manager.explorer.read','application::regions.regions','[\"Name\",\"Advertisments\"]','[]',1,'2021-03-24 04:46:03','2021-03-24 04:46:03'),(146,'plugins::content-manager.explorer.update','application::games.games','[\"Title\",\"Advertisments\"]','[]',1,'2021-03-24 04:46:03','2021-03-24 04:46:03'),(147,'plugins::content-manager.explorer.update','application::platforms.platforms','[\"Name\",\"Advertisments\"]','[]',1,'2021-03-24 04:46:03','2021-03-24 04:46:03'),(148,'plugins::content-manager.explorer.update','application::regions.regions','[\"Name\",\"Advertisments\"]','[]',1,'2021-03-24 04:46:03','2021-03-24 04:46:03'),(149,'plugins::content-manager.explorer.update','application::game-modes.game-modes','[\"Title\",\"Advertisments\"]','[]',1,'2021-03-24 04:46:03','2021-03-24 04:46:03'),(150,'plugins::content-manager.explorer.delete','application::advertisments.advertisments',NULL,'[]',1,'2021-03-24 04:46:03','2021-03-24 04:46:03'),(151,'plugins::content-manager.explorer.delete','application::comms.comms',NULL,'[]',1,'2021-03-24 04:46:03','2021-03-24 04:46:03'),(152,'plugins::content-manager.explorer.delete','application::game-modes.game-modes',NULL,'[]',1,'2021-03-24 04:46:03','2021-03-24 04:46:03'),(153,'plugins::content-manager.explorer.delete','application::platforms.platforms',NULL,'[]',1,'2021-03-24 04:46:03','2021-03-24 04:46:03'),(154,'plugins::content-manager.explorer.delete','application::games.games',NULL,'[]',1,'2021-03-24 04:46:03','2021-03-24 04:46:03'),(156,'plugins::content-manager.explorer.delete','application::regions.regions',NULL,'[]',1,'2021-03-24 04:46:03','2021-03-24 04:46:03'),(162,'plugins::content-manager.explorer.create','application::active-users.active-users','[\"Display_Name\",\"Advertisments\"]','[]',1,'2021-03-27 23:47:01','2021-03-27 23:47:01'),(164,'plugins::content-manager.explorer.read','application::active-users.active-users','[\"Display_Name\",\"Advertisments\"]','[]',1,'2021-03-27 23:47:01','2021-03-27 23:47:01'),(166,'plugins::content-manager.explorer.update','application::active-users.active-users','[\"Display_Name\",\"Advertisments\"]','[]',1,'2021-03-27 23:47:01','2021-03-27 23:47:01'),(168,'plugins::content-manager.explorer.delete','application::active-users.active-users',NULL,'[]',1,'2021-03-27 23:47:01','2021-03-27 23:47:01'),(218,'plugins::content-manager.explorer.delete','application::player-role.player-role',NULL,'[]',1,'2021-03-29 03:42:29','2021-03-29 03:42:29'),(219,'plugins::content-manager.explorer.create','application::advertisments.advertisments','[\"Num_Players\",\"Game_Mode\",\"Game_Name\",\"Game_Rank\",\"Region\",\"Comm\",\"Contact_Desc\",\"Platform\",\"Active_User\",\"Player_Role\"]','[]',1,'2021-03-29 04:14:58','2021-03-29 04:14:58'),(220,'plugins::content-manager.explorer.read','application::advertisments.advertisments','[\"Num_Players\",\"Game_Mode\",\"Game_Name\",\"Game_Rank\",\"Region\",\"Comm\",\"Contact_Desc\",\"Platform\",\"Active_User\",\"Player_Role\"]','[]',1,'2021-03-29 04:14:58','2021-03-29 04:14:58'),(221,'plugins::content-manager.explorer.create','application::player-role.player-role','[\"Role\",\"Advertisments\"]','[]',1,'2021-03-29 04:14:58','2021-03-29 04:14:58'),(222,'plugins::content-manager.explorer.read','application::player-role.player-role','[\"Role\",\"Advertisments\"]','[]',1,'2021-03-29 04:14:58','2021-03-29 04:14:58'),(223,'plugins::content-manager.explorer.update','application::player-role.player-role','[\"Role\",\"Advertisments\"]','[]',1,'2021-03-29 04:14:58','2021-03-29 04:14:58'),(224,'plugins::content-manager.explorer.update','application::advertisments.advertisments','[\"Num_Players\",\"Game_Mode\",\"Game_Name\",\"Game_Rank\",\"Region\",\"Comm\",\"Contact_Desc\",\"Platform\",\"Active_User\",\"Player_Role\"]','[]',1,'2021-03-29 04:14:58','2021-03-29 04:14:58');
/*!40000 ALTER TABLE `strapi_permission` ENABLE KEYS */;
UNLOCK TABLES;

--
-- Table structure for table `strapi_role`
--

DROP TABLE IF EXISTS `strapi_role`;
/*!40101 SET @saved_cs_client     = @@character_set_client */;
/*!40101 SET character_set_client = utf8 */;
CREATE TABLE `strapi_role` (
  `id` int(10) unsigned NOT NULL AUTO_INCREMENT,
  `name` varchar(255) NOT NULL,
  `code` varchar(255) NOT NULL,
  `description` varchar(255) DEFAULT NULL,
  `created_at` timestamp NULL DEFAULT current_timestamp(),
  `updated_at` timestamp NULL DEFAULT current_timestamp(),
  PRIMARY KEY (`id`),
  UNIQUE KEY `strapi_role_name_unique` (`name`),
  UNIQUE KEY `strapi_role_code_unique` (`code`)
) ENGINE=InnoDB AUTO_INCREMENT=4 DEFAULT CHARSET=utf8mb4;
/*!40101 SET character_set_client = @saved_cs_client */;

--
-- Dumping data for table `strapi_role`
--

LOCK TABLES `strapi_role` WRITE;
/*!40000 ALTER TABLE `strapi_role` DISABLE KEYS */;
INSERT INTO `strapi_role` VALUES (1,'Super Admin','strapi-super-admin','Super Admins can access and manage all features and settings.','2021-03-24 02:45:35','2021-03-24 02:45:35'),(2,'Editor','strapi-editor','Editors can manage and publish contents including those of other users.','2021-03-24 02:45:35','2021-03-24 02:45:35'),(3,'Author','strapi-author','Authors can manage the content they have created.','2021-03-24 02:45:35','2021-03-24 02:45:35');
/*!40000 ALTER TABLE `strapi_role` ENABLE KEYS */;
UNLOCK TABLES;

--
-- Table structure for table `strapi_users_roles`
--

DROP TABLE IF EXISTS `strapi_users_roles`;
/*!40101 SET @saved_cs_client     = @@character_set_client */;
/*!40101 SET character_set_client = utf8 */;
CREATE TABLE `strapi_users_roles` (
  `id` int(10) unsigned NOT NULL AUTO_INCREMENT,
  `user_id` int(11) DEFAULT NULL,
  `role_id` int(11) DEFAULT NULL,
  PRIMARY KEY (`id`)
) ENGINE=InnoDB AUTO_INCREMENT=4 DEFAULT CHARSET=utf8mb4;
/*!40101 SET character_set_client = @saved_cs_client */;

--
-- Dumping data for table `strapi_users_roles`
--

LOCK TABLES `strapi_users_roles` WRITE;
/*!40000 ALTER TABLE `strapi_users_roles` DISABLE KEYS */;
INSERT INTO `strapi_users_roles` VALUES (1,1,1),(2,2,1),(3,3,1);
/*!40000 ALTER TABLE `strapi_users_roles` ENABLE KEYS */;
UNLOCK TABLES;

--
-- Table structure for table `strapi_webhooks`
--

DROP TABLE IF EXISTS `strapi_webhooks`;
/*!40101 SET @saved_cs_client     = @@character_set_client */;
/*!40101 SET character_set_client = utf8 */;
CREATE TABLE `strapi_webhooks` (
  `id` int(10) unsigned NOT NULL AUTO_INCREMENT,
  `name` varchar(255) DEFAULT NULL,
  `url` longtext DEFAULT NULL,
  `headers` longtext DEFAULT NULL,
  `events` longtext DEFAULT NULL,
  `enabled` tinyint(1) DEFAULT NULL,
  PRIMARY KEY (`id`)
) ENGINE=InnoDB DEFAULT CHARSET=utf8mb4;
/*!40101 SET character_set_client = @saved_cs_client */;

--
-- Dumping data for table `strapi_webhooks`
--

LOCK TABLES `strapi_webhooks` WRITE;
/*!40000 ALTER TABLE `strapi_webhooks` DISABLE KEYS */;
/*!40000 ALTER TABLE `strapi_webhooks` ENABLE KEYS */;
UNLOCK TABLES;

--
-- Table structure for table `upload_file`
--

DROP TABLE IF EXISTS `upload_file`;
/*!40101 SET @saved_cs_client     = @@character_set_client */;
/*!40101 SET character_set_client = utf8 */;
CREATE TABLE `upload_file` (
  `id` int(10) unsigned NOT NULL AUTO_INCREMENT,
  `name` varchar(255) NOT NULL,
  `alternativeText` varchar(255) DEFAULT NULL,
  `caption` varchar(255) DEFAULT NULL,
  `width` int(11) DEFAULT NULL,
  `height` int(11) DEFAULT NULL,
  `formats` longtext DEFAULT NULL,
  `hash` varchar(255) NOT NULL,
  `ext` varchar(255) DEFAULT NULL,
  `mime` varchar(255) NOT NULL,
  `size` decimal(10,2) NOT NULL,
  `url` varchar(255) NOT NULL,
  `previewUrl` varchar(255) DEFAULT NULL,
  `provider` varchar(255) NOT NULL,
  `provider_metadata` longtext DEFAULT NULL,
  `created_by` int(11) DEFAULT NULL,
  `updated_by` int(11) DEFAULT NULL,
  `created_at` timestamp NULL DEFAULT current_timestamp(),
  `updated_at` timestamp NULL DEFAULT current_timestamp(),
  PRIMARY KEY (`id`)
) ENGINE=InnoDB DEFAULT CHARSET=utf8mb4;
/*!40101 SET character_set_client = @saved_cs_client */;

--
-- Dumping data for table `upload_file`
--

LOCK TABLES `upload_file` WRITE;
/*!40000 ALTER TABLE `upload_file` DISABLE KEYS */;
/*!40000 ALTER TABLE `upload_file` ENABLE KEYS */;
UNLOCK TABLES;

--
-- Table structure for table `upload_file_morph`
--

DROP TABLE IF EXISTS `upload_file_morph`;
/*!40101 SET @saved_cs_client     = @@character_set_client */;
/*!40101 SET character_set_client = utf8 */;
CREATE TABLE `upload_file_morph` (
  `id` int(10) unsigned NOT NULL AUTO_INCREMENT,
  `upload_file_id` int(11) DEFAULT NULL,
  `related_id` int(11) DEFAULT NULL,
  `related_type` longtext DEFAULT NULL,
  `field` longtext DEFAULT NULL,
  `order` int(11) DEFAULT NULL,
  PRIMARY KEY (`id`)
) ENGINE=InnoDB DEFAULT CHARSET=utf8mb4;
/*!40101 SET character_set_client = @saved_cs_client */;

--
-- Dumping data for table `upload_file_morph`
--

LOCK TABLES `upload_file_morph` WRITE;
/*!40000 ALTER TABLE `upload_file_morph` DISABLE KEYS */;
/*!40000 ALTER TABLE `upload_file_morph` ENABLE KEYS */;
UNLOCK TABLES;

--
-- Table structure for table `users-permissions_permission`
--

DROP TABLE IF EXISTS `users-permissions_permission`;
/*!40101 SET @saved_cs_client     = @@character_set_client */;
/*!40101 SET character_set_client = utf8 */;
CREATE TABLE `users-permissions_permission` (
  `id` int(10) unsigned NOT NULL AUTO_INCREMENT,
  `type` varchar(255) NOT NULL,
  `controller` varchar(255) NOT NULL,
  `action` varchar(255) NOT NULL,
  `enabled` tinyint(1) NOT NULL,
  `policy` varchar(255) DEFAULT NULL,
  `role` int(11) DEFAULT NULL,
  `created_by` int(11) DEFAULT NULL,
  `updated_by` int(11) DEFAULT NULL,
  PRIMARY KEY (`id`)
) ENGINE=InnoDB AUTO_INCREMENT=421 DEFAULT CHARSET=utf8mb4;
/*!40101 SET character_set_client = @saved_cs_client */;

--
-- Dumping data for table `users-permissions_permission`
--

LOCK TABLES `users-permissions_permission` WRITE;
/*!40000 ALTER TABLE `users-permissions_permission` DISABLE KEYS */;
INSERT INTO `users-permissions_permission` VALUES (1,'content-manager','collection-types','bulkdelete',1,'',1,NULL,NULL),(2,'content-manager','collection-types','bulkdelete',0,'',2,NULL,NULL),(3,'content-manager','collection-types','create',0,'',2,NULL,NULL),(4,'content-manager','collection-types','delete',1,'',1,NULL,NULL),(5,'content-manager','collection-types','create',1,'',1,NULL,NULL),(6,'content-manager','collection-types','delete',0,'',2,NULL,NULL),(7,'content-manager','collection-types','findone',1,'',1,NULL,NULL),(8,'content-manager','collection-types','find',0,'',2,NULL,NULL),(9,'content-manager','collection-types','find',1,'',1,NULL,NULL),(10,'content-manager','collection-types','findone',0,'',2,NULL,NULL),(11,'content-manager','collection-types','previewmanyrelations',1,'',1,NULL,NULL),(12,'content-manager','collection-types','previewmanyrelations',0,'',2,NULL,NULL),(13,'content-manager','collection-types','publish',1,'',1,NULL,NULL),(14,'content-manager','collection-types','publish',0,'',2,NULL,NULL),(15,'content-manager','collection-types','unpublish',1,'',1,NULL,NULL),(16,'content-manager','collection-types','unpublish',0,'',2,NULL,NULL),(17,'content-manager','collection-types','update',1,'',1,NULL,NULL),(18,'content-manager','collection-types','update',0,'',2,NULL,NULL),(19,'content-manager','components','findcomponentconfiguration',1,'',1,NULL,NULL),(20,'content-manager','components','findcomponentconfiguration',0,'',2,NULL,NULL),(21,'content-manager','components','findcomponents',1,'',1,NULL,NULL),(22,'content-manager','components','findcomponents',0,'',2,NULL,NULL),(23,'content-manager','components','updatecomponentconfiguration',1,'',1,NULL,NULL),(24,'content-manager','content-types','findcontenttypeconfiguration',1,'',1,NULL,NULL),(25,'content-manager','content-types','findcontenttypeconfiguration',0,'',2,NULL,NULL),(26,'content-manager','components','updatecomponentconfiguration',0,'',2,NULL,NULL),(27,'content-manager','content-types','findcontenttypes',1,'',1,NULL,NULL),(28,'content-manager','content-types','updatecontenttypeconfiguration',1,'',1,NULL,NULL),(29,'content-manager','content-types','findcontenttypes',0,'',2,NULL,NULL),(30,'content-manager','content-types','updatecontenttypeconfiguration',0,'',2,NULL,NULL),(31,'content-manager','relations','find',1,'',1,NULL,NULL),(32,'content-manager','single-types','createorupdate',1,'',1,NULL,NULL),(33,'content-manager','relations','find',0,'',2,NULL,NULL),(34,'content-manager','single-types','createorupdate',0,'',2,NULL,NULL),(35,'content-manager','single-types','delete',1,'',1,NULL,NULL),(36,'content-manager','single-types','delete',0,'',2,NULL,NULL),(37,'content-manager','single-types','find',1,'',1,NULL,NULL),(38,'content-manager','single-types','find',0,'',2,NULL,NULL),(39,'content-manager','single-types','publish',1,'',1,NULL,NULL),(40,'content-manager','single-types','publish',0,'',2,NULL,NULL),(41,'content-manager','single-types','unpublish',1,'',1,NULL,NULL),(42,'content-manager','single-types','unpublish',0,'',2,NULL,NULL),(43,'content-manager','uid','checkuidavailability',1,'',1,NULL,NULL),(44,'content-manager','uid','checkuidavailability',0,'',2,NULL,NULL),(45,'content-manager','uid','generateuid',1,'',1,NULL,NULL),(46,'content-manager','uid','generateuid',0,'',2,NULL,NULL),(47,'content-type-builder','builder','getreservednames',1,'',1,NULL,NULL),(48,'content-type-builder','builder','getreservednames',0,'',2,NULL,NULL),(49,'content-type-builder','componentcategories','deletecategory',1,'',1,NULL,NULL),(50,'content-type-builder','componentcategories','deletecategory',0,'',2,NULL,NULL),(51,'content-type-builder','componentcategories','editcategory',1,'',1,NULL,NULL),(52,'content-type-builder','components','createcomponent',1,'',1,NULL,NULL),(53,'content-type-builder','componentcategories','editcategory',0,'',2,NULL,NULL),(54,'content-type-builder','components','createcomponent',0,'',2,NULL,NULL),(55,'content-type-builder','components','deletecomponent',1,'',1,NULL,NULL),(56,'content-type-builder','components','deletecomponent',0,'',2,NULL,NULL),(57,'content-type-builder','components','getcomponent',1,'',1,NULL,NULL),(58,'content-type-builder','components','getcomponent',0,'',2,NULL,NULL),(59,'content-type-builder','components','getcomponents',1,'',1,NULL,NULL),(60,'content-type-builder','components','getcomponents',0,'',2,NULL,NULL),(61,'content-type-builder','components','updatecomponent',1,'',1,NULL,NULL),(62,'content-type-builder','components','updatecomponent',0,'',2,NULL,NULL),(63,'content-type-builder','connections','getconnections',1,'',1,NULL,NULL),(64,'content-type-builder','connections','getconnections',0,'',2,NULL,NULL),(65,'content-type-builder','contenttypes','createcontenttype',1,'',1,NULL,NULL),(66,'content-type-builder','contenttypes','createcontenttype',0,'',2,NULL,NULL),(67,'content-type-builder','contenttypes','deletecontenttype',1,'',1,NULL,NULL),(68,'content-type-builder','contenttypes','deletecontenttype',0,'',2,NULL,NULL),(69,'content-type-builder','contenttypes','getcontenttype',1,'',1,NULL,NULL),(70,'content-type-builder','contenttypes','getcontenttype',0,'',2,NULL,NULL),(71,'content-type-builder','contenttypes','getcontenttypes',1,'',1,NULL,NULL),(72,'content-type-builder','contenttypes','getcontenttypes',0,'',2,NULL,NULL),(73,'content-type-builder','contenttypes','updatecontenttype',0,'',2,NULL,NULL),(74,'email','email','getsettings',1,'',1,NULL,NULL),(75,'content-type-builder','contenttypes','updatecontenttype',1,'',1,NULL,NULL),(76,'email','email','send',1,'',1,NULL,NULL),(77,'email','email','send',0,'',2,NULL,NULL),(78,'email','email','getsettings',0,'',2,NULL,NULL),(79,'email','email','test',1,'',1,NULL,NULL),(80,'email','email','test',0,'',2,NULL,NULL),(81,'upload','upload','count',1,'',1,NULL,NULL),(82,'upload','upload','count',0,'',2,NULL,NULL),(83,'upload','upload','destroy',1,'',1,NULL,NULL),(84,'upload','upload','destroy',0,'',2,NULL,NULL),(85,'upload','upload','find',0,'',2,NULL,NULL),(86,'upload','upload','find',1,'',1,NULL,NULL),(87,'upload','upload','findone',1,'',1,NULL,NULL),(88,'upload','upload','findone',0,'',2,NULL,NULL),(89,'upload','upload','getsettings',1,'',1,NULL,NULL),(90,'upload','upload','getsettings',0,'',2,NULL,NULL),(91,'upload','upload','search',1,'',1,NULL,NULL),(92,'upload','upload','updatesettings',0,'',2,NULL,NULL),(93,'upload','upload','upload',1,'',1,NULL,NULL),(94,'upload','upload','updatesettings',1,'',1,NULL,NULL),(95,'upload','upload','search',0,'',2,NULL,NULL),(96,'upload','upload','upload',0,'',2,NULL,NULL),(97,'users-permissions','auth','callback',1,'',1,NULL,NULL),(98,'users-permissions','auth','connect',1,'',1,NULL,NULL),(99,'users-permissions','auth','callback',1,'',2,NULL,NULL),(100,'users-permissions','auth','connect',1,'',2,NULL,NULL),(101,'users-permissions','auth','emailconfirmation',1,'',1,NULL,NULL),(102,'users-permissions','auth','emailconfirmation',1,'',2,NULL,NULL),(103,'users-permissions','auth','forgotpassword',1,'',1,NULL,NULL),(104,'users-permissions','auth','forgotpassword',1,'',2,NULL,NULL),(105,'users-permissions','auth','register',1,'',1,NULL,NULL),(106,'users-permissions','auth','register',1,'',2,NULL,NULL),(107,'users-permissions','auth','resetpassword',1,'',1,NULL,NULL),(108,'users-permissions','auth','resetpassword',1,'',2,NULL,NULL),(109,'users-permissions','auth','sendemailconfirmation',1,'',1,NULL,NULL),(110,'users-permissions','auth','sendemailconfirmation',0,'',2,NULL,NULL),(111,'users-permissions','user','count',1,'',1,NULL,NULL),(112,'users-permissions','user','count',0,'',2,NULL,NULL),(113,'users-permissions','user','create',1,'',1,NULL,NULL),(114,'users-permissions','user','create',0,'',2,NULL,NULL),(115,'users-permissions','user','destroy',1,'',1,NULL,NULL),(116,'users-permissions','user','destroy',0,'',2,NULL,NULL),(117,'users-permissions','user','destroyall',1,'',1,NULL,NULL),(118,'users-permissions','user','destroyall',0,'',2,NULL,NULL),(119,'users-permissions','user','find',0,'',2,NULL,NULL),(120,'users-permissions','user','find',1,'',1,NULL,NULL),(121,'users-permissions','user','findone',1,'',1,NULL,NULL),(122,'users-permissions','user','findone',0,'',2,NULL,NULL),(123,'users-permissions','user','me',1,'',1,NULL,NULL),(124,'users-permissions','user','me',1,'',2,NULL,NULL),(125,'users-permissions','user','update',1,'',1,NULL,NULL),(126,'users-permissions','user','update',0,'',2,NULL,NULL),(127,'users-permissions','userspermissions','createrole',1,'',1,NULL,NULL),(128,'users-permissions','userspermissions','deleterole',1,'',1,NULL,NULL),(129,'users-permissions','userspermissions','createrole',0,'',2,NULL,NULL),(130,'users-permissions','userspermissions','deleterole',0,'',2,NULL,NULL),(131,'users-permissions','userspermissions','getadvancedsettings',1,'',1,NULL,NULL),(132,'users-permissions','userspermissions','getadvancedsettings',0,'',2,NULL,NULL),(133,'users-permissions','userspermissions','getemailtemplate',1,'',1,NULL,NULL),(134,'users-permissions','userspermissions','getemailtemplate',0,'',2,NULL,NULL),(135,'users-permissions','userspermissions','getpermissions',1,'',1,NULL,NULL),(136,'users-permissions','userspermissions','getpermissions',0,'',2,NULL,NULL),(137,'users-permissions','userspermissions','getpolicies',1,'',1,NULL,NULL),(138,'users-permissions','userspermissions','getpolicies',0,'',2,NULL,NULL),(139,'users-permissions','userspermissions','getproviders',1,'',1,NULL,NULL),(140,'users-permissions','userspermissions','getproviders',0,'',2,NULL,NULL),(141,'users-permissions','userspermissions','getrole',1,'',1,NULL,NULL),(142,'users-permissions','userspermissions','getrole',0,'',2,NULL,NULL),(143,'users-permissions','userspermissions','getroles',1,'',1,NULL,NULL),(144,'users-permissions','userspermissions','getroutes',1,'',1,NULL,NULL),(145,'users-permissions','userspermissions','getroles',0,'',2,NULL,NULL),(146,'users-permissions','userspermissions','getroutes',0,'',2,NULL,NULL),(147,'users-permissions','userspermissions','index',1,'',1,NULL,NULL),(148,'users-permissions','userspermissions','index',0,'',2,NULL,NULL),(149,'users-permissions','userspermissions','searchusers',1,'',1,NULL,NULL),(150,'users-permissions','userspermissions','searchusers',0,'',2,NULL,NULL),(151,'users-permissions','userspermissions','updateadvancedsettings',1,'',1,NULL,NULL),(152,'users-permissions','userspermissions','updateadvancedsettings',0,'',2,NULL,NULL),(153,'users-permissions','userspermissions','updateemailtemplate',1,'',1,NULL,NULL),(154,'users-permissions','userspermissions','updateproviders',1,'',1,NULL,NULL),(155,'users-permissions','userspermissions','updateemailtemplate',0,'',2,NULL,NULL),(156,'users-permissions','userspermissions','updateproviders',0,'',2,NULL,NULL),(157,'users-permissions','userspermissions','updaterole',1,'',1,NULL,NULL),(158,'users-permissions','userspermissions','updaterole',0,'',2,NULL,NULL),(267,'application','advertisments','count',1,'',1,NULL,NULL),(268,'application','advertisments','count',1,'',2,NULL,NULL),(269,'application','advertisments','create',1,'',1,NULL,NULL),(270,'application','advertisments','create',1,'',2,NULL,NULL),(271,'application','advertisments','delete',1,'',1,NULL,NULL),(272,'application','advertisments','findone',1,'',2,NULL,NULL),(273,'application','advertisments','find',1,'',1,NULL,NULL),(274,'application','advertisments','findone',1,'',1,NULL,NULL),(275,'application','advertisments','find',1,'',2,NULL,NULL),(276,'application','advertisments','delete',1,'',2,NULL,NULL),(277,'application','advertisments','update',1,'',1,NULL,NULL),(278,'application','advertisments','update',1,'',2,NULL,NULL),(279,'application','comms','count',1,'',1,NULL,NULL),(280,'application','comms','count',0,'',2,NULL,NULL),(281,'application','comms','create',1,'',1,NULL,NULL),(282,'application','comms','create',0,'',2,NULL,NULL),(283,'application','comms','delete',1,'',1,NULL,NULL),(284,'application','comms','delete',0,'',2,NULL,NULL),(285,'application','comms','find',1,'',1,NULL,NULL),(286,'application','comms','find',1,'',2,NULL,NULL),(287,'application','comms','findone',1,'',1,NULL,NULL),(288,'application','comms','findone',1,'',2,NULL,NULL),(289,'application','comms','update',1,'',1,NULL,NULL),(290,'application','comms','update',0,'',2,NULL,NULL),(291,'application','game-modes','count',1,'',1,NULL,NULL),(292,'application','game-modes','count',0,'',2,NULL,NULL),(293,'application','game-modes','create',1,'',1,NULL,NULL),(294,'application','game-modes','create',0,'',2,NULL,NULL),(295,'application','game-modes','delete',1,'',1,NULL,NULL),(296,'application','game-modes','delete',0,'',2,NULL,NULL),(297,'application','game-modes','find',1,'',1,NULL,NULL),(298,'application','game-modes','find',1,'',2,NULL,NULL),(299,'application','game-modes','findone',1,'',1,NULL,NULL),(300,'application','game-modes','findone',1,'',2,NULL,NULL),(301,'application','game-modes','update',1,'',1,NULL,NULL),(302,'application','game-modes','update',0,'',2,NULL,NULL),(303,'application','games','count',1,'',1,NULL,NULL),(304,'application','games','count',0,'',2,NULL,NULL),(305,'application','games','create',1,'',1,NULL,NULL),(306,'application','games','create',0,'',2,NULL,NULL),(307,'application','games','delete',1,'',1,NULL,NULL),(308,'application','games','find',1,'',1,NULL,NULL),(309,'application','games','delete',0,'',2,NULL,NULL),(310,'application','games','find',1,'',2,NULL,NULL),(311,'application','games','findone',1,'',1,NULL,NULL),(312,'application','games','findone',1,'',2,NULL,NULL),(313,'application','games','update',1,'',1,NULL,NULL),(314,'application','games','update',0,'',2,NULL,NULL),(315,'application','platforms','count',1,'',1,NULL,NULL),(316,'application','platforms','count',0,'',2,NULL,NULL),(317,'application','platforms','create',1,'',1,NULL,NULL),(318,'application','platforms','create',0,'',2,NULL,NULL),(319,'application','platforms','delete',1,'',1,NULL,NULL),(320,'application','platforms','delete',0,'',2,NULL,NULL),(321,'application','platforms','find',1,'',1,NULL,NULL),(322,'application','platforms','find',1,'',2,NULL,NULL),(323,'application','platforms','findone',1,'',1,NULL,NULL),(324,'application','platforms','findone',1,'',2,NULL,NULL),(325,'application','platforms','update',1,'',1,NULL,NULL),(326,'application','platforms','update',0,'',2,NULL,NULL),(327,'application','regions','count',0,'',2,NULL,NULL),(328,'application','regions','count',1,'',1,NULL,NULL),(329,'application','regions','create',1,'',1,NULL,NULL),(330,'application','regions','create',0,'',2,NULL,NULL),(331,'application','regions','delete',1,'',1,NULL,NULL),(332,'application','regions','delete',0,'',2,NULL,NULL),(333,'application','regions','find',1,'',1,NULL,NULL),(334,'application','regions','findone',1,'',1,NULL,NULL),(335,'application','regions','find',1,'',2,NULL,NULL),(336,'application','regions','update',1,'',1,NULL,NULL),(337,'application','regions','findone',1,'',2,NULL,NULL),(338,'application','regions','update',0,'',2,NULL,NULL),(339,'application','active-users','count',1,'',1,NULL,NULL),(340,'application','active-users','count',0,'',2,NULL,NULL),(341,'application','active-users','create',1,'',1,NULL,NULL),(342,'application','active-users','create',0,'',2,NULL,NULL),(343,'application','active-users','delete',1,'',1,NULL,NULL),(344,'application','active-users','find',1,'',1,NULL,NULL),(345,'application','active-users','delete',0,'',2,NULL,NULL),(346,'application','active-users','find',1,'',2,NULL,NULL),(347,'application','active-users','findone',1,'',1,NULL,NULL),(348,'application','active-users','findone',1,'',2,NULL,NULL),(349,'application','active-users','update',1,'',1,NULL,NULL),(350,'application','active-users','update',0,'',2,NULL,NULL),(393,'application','player-role','delete',0,'',2,NULL,NULL),(398,'application','player-role','create',0,'',2,NULL,NULL),(399,'application','player-role','count',0,'',2,NULL,NULL),(400,'application','player-role','delete',1,'',1,NULL,NULL),(401,'application','player-role','create',1,'',1,NULL,NULL),(402,'application','player-role','count',1,'',1,NULL,NULL),(403,'application','player-role','find',1,'',1,NULL,NULL),(404,'application','player-role','find',0,'',2,NULL,NULL),(405,'application','player-role','findone',1,'',1,NULL,NULL),(406,'application','player-role','findone',0,'',2,NULL,NULL),(407,'application','player-role','update',1,'',1,NULL,NULL),(408,'application','player-role','update',0,'',2,NULL,NULL),(409,'application','active-users','authenticate',1,'',1,NULL,NULL),(410,'application','active-users','authenticate',1,'',2,NULL,NULL),(411,'application','active-users','login',1,'',1,NULL,NULL),(412,'application','active-users','login',1,'',2,NULL,NULL),(419,'application','advertisments','fields',1,'',1,NULL,NULL),(420,'application','advertisments','fields',1,'',2,NULL,NULL);
/*!40000 ALTER TABLE `users-permissions_permission` ENABLE KEYS */;
UNLOCK TABLES;

--
-- Table structure for table `users-permissions_role`
--

DROP TABLE IF EXISTS `users-permissions_role`;
/*!40101 SET @saved_cs_client     = @@character_set_client */;
/*!40101 SET character_set_client = utf8 */;
CREATE TABLE `users-permissions_role` (
  `id` int(10) unsigned NOT NULL AUTO_INCREMENT,
  `name` varchar(255) NOT NULL,
  `description` varchar(255) DEFAULT NULL,
  `type` varchar(255) DEFAULT NULL,
  `created_by` int(11) DEFAULT NULL,
  `updated_by` int(11) DEFAULT NULL,
  PRIMARY KEY (`id`),
  UNIQUE KEY `users-permissions_role_type_unique` (`type`)
) ENGINE=InnoDB AUTO_INCREMENT=3 DEFAULT CHARSET=utf8mb4;
/*!40101 SET character_set_client = @saved_cs_client */;

--
-- Dumping data for table `users-permissions_role`
--

LOCK TABLES `users-permissions_role` WRITE;
/*!40000 ALTER TABLE `users-permissions_role` DISABLE KEYS */;
INSERT INTO `users-permissions_role` VALUES (1,'Authenticated','Default role given to authenticated user.','authenticated',NULL,NULL),(2,'Public','Default role given to unauthenticated user.','public',NULL,NULL);
/*!40000 ALTER TABLE `users-permissions_role` ENABLE KEYS */;
UNLOCK TABLES;

--
-- Table structure for table `users-permissions_user`
--

DROP TABLE IF EXISTS `users-permissions_user`;
/*!40101 SET @saved_cs_client     = @@character_set_client */;
/*!40101 SET character_set_client = utf8 */;
CREATE TABLE `users-permissions_user` (
  `id` int(10) unsigned NOT NULL AUTO_INCREMENT,
  `username` varchar(255) NOT NULL,
  `email` varchar(255) NOT NULL,
  `provider` varchar(255) DEFAULT NULL,
  `password` varchar(255) DEFAULT NULL,
  `resetPasswordToken` varchar(255) DEFAULT NULL,
  `confirmationToken` varchar(255) DEFAULT NULL,
  `confirmed` tinyint(1) DEFAULT NULL,
  `blocked` tinyint(1) DEFAULT NULL,
  `role` int(11) DEFAULT NULL,
  `created_by` int(11) DEFAULT NULL,
  `updated_by` int(11) DEFAULT NULL,
  `created_at` timestamp NULL DEFAULT current_timestamp(),
  `updated_at` timestamp NULL DEFAULT current_timestamp(),
  PRIMARY KEY (`id`),
  UNIQUE KEY `users-permissions_user_username_unique` (`username`)
) ENGINE=InnoDB AUTO_INCREMENT=2 DEFAULT CHARSET=utf8mb4;
/*!40101 SET character_set_client = @saved_cs_client */;

--
-- Dumping data for table `users-permissions_user`
--

LOCK TABLES `users-permissions_user` WRITE;
/*!40000 ALTER TABLE `users-permissions_user` DISABLE KEYS */;
INSERT INTO `users-permissions_user` VALUES (1,'cleaner','cleaner@abd-looking-for-group.com','local','$2a$10$FyChuqslTwJCOI5pmy2Bi.EBz/nw5RIBi2hSXG7L6h0Jg03V99NVe',NULL,NULL,1,0,1,1,1,'2021-04-04 01:01:45','2021-04-04 01:01:45');
/*!40000 ALTER TABLE `users-permissions_user` ENABLE KEYS */;
UNLOCK TABLES;
/*!40103 SET TIME_ZONE=@OLD_TIME_ZONE */;

/*!40101 SET SQL_MODE=@OLD_SQL_MODE */;
/*!40014 SET FOREIGN_KEY_CHECKS=@OLD_FOREIGN_KEY_CHECKS */;
/*!40014 SET UNIQUE_CHECKS=@OLD_UNIQUE_CHECKS */;
/*!40101 SET CHARACTER_SET_CLIENT=@OLD_CHARACTER_SET_CLIENT */;
/*!40101 SET CHARACTER_SET_RESULTS=@OLD_CHARACTER_SET_RESULTS */;
/*!40101 SET COLLATION_CONNECTION=@OLD_COLLATION_CONNECTION */;
/*!40111 SET SQL_NOTES=@OLD_SQL_NOTES */;

-- Dump completed on 2021-04-15 18:04:52
